,0,1,2,3,4,5,6,7,8,9,10,11,12,13,14,15,16,17,18,19,20,21,22,23,24,25,26,27,28,29,30,31,32,33,34,35,36,37,38,39,40,41,42,43,44,45,46,47,48,49,50,51,52,53,54,55,56,57,58,59,60,61,62,63,64,65,66,67,68,69,70,71,72,73,74,75,76,77,78,79,80,81,82,83,84,85,86,87,88,89,90,91,92,93,94,95,96,97,98,99,100,101,102,103,104
weatheryear,2008.0,2002.0,2002.0,2010.0,2006.0,2006.0,2006.0,2002.0,2010.0,2008.0,2003.0,2003.0,2008.0,2008.0,2006.0,2008.0,2003.0,2008.0,2008.0,2008.0,2008.0,2008.0,2002.0,2010.0,2008.0,2010.0,2002.0,2006.0,2008.0,2006.0,2002.0,2002.0,2003.0,2006.0,2010.0,2002.0,2008.0,2003.0,2010.0,2010.0,2006.0,2003.0,2006.0,2006.0,2003.0,2002.0,2006.0,2002.0,2003.0,2003.0,2008.0,2010.0,2002.0,2008.0,2010.0,2006.0,2003.0,2010.0,2008.0,2002.0,2006.0,2010.0,2010.0,2010.0,2003.0,2008.0,2002.0,2010.0,2003.0,2006.0,2002.0,2003.0,2010.0,2006.0,2003.0,2003.0,2006.0,2008.0,2002.0,2010.0,2010.0,2003.0,2010.0,2006.0,2002.0,2006.0,2003.0,2003.0,2002.0,2002.0,2003.0,2006.0,2008.0,2010.0,2008.0,2006.0,2010.0,2002.0,2003.0,2002.0,2006.0,2002.0,2008.0,2010.0,2003.0
c_hat [EUR/kWh],6.0,2.0,0.2,2.0,0.2,3.0,1.0,12.0,3.0,12.0,1.0,12.0,1.0,6.0,1.0,3.0,3.0,12.0,18.0,2.0,18.0,0.2,18.0,6.0,1.0,6.0,1.0,18.0,6.0,18.0,6.0,6.0,12.0,2.0,18.0,12.0,12.0,2.0,1.0,1.0,0.2,1.0,0.2,2.0,6.0,1.0,12.0,18.0,2.0,0.2,3.0,12.0,1.0,18.0,0.2,2.0,6.0,0.2,1.0,6.0,18.0,2.0,6.0,3.0,0.2,0.2,3.0,1.0,2.0,12.0,18.0,18.0,12.0,3.0,0.2,12.0,6.0,3.0,3.0,2.0,18.0,3.0,3.0,1.0,2.0,12.0,6.0,1.0,12.0,0.2,3.0,6.0,2.0,0.2,2.0,6.0,18.0,2.0,18.0,0.2,3.0,3.0,0.2,12.0,18.0
co2_cap [%],5.0,5.0,5.0,5.0,5.0,5.0,5.0,5.0,5.0,5.0,5.0,5.0,5.0,5.0,5.0,5.0,5.0,5.0,5.0,5.0,5.0,5.0,5.0,5.0,5.0,5.0,5.0,5.0,5.0,5.0,5.0,5.0,5.0,5.0,5.0,5.0,5.0,5.0,5.0,5.0,5.0,5.0,5.0,5.0,5.0,5.0,5.0,5.0,5.0,5.0,5.0,5.0,5.0,5.0,5.0,5.0,5.0,5.0,5.0,5.0,5.0,5.0,5.0,5.0,5.0,5.0,5.0,5.0,5.0,5.0,5.0,5.0,5.0,5.0,5.0,5.0,5.0,5.0,5.0,5.0,5.0,5.0,5.0,5.0,5.0,5.0,5.0,5.0,5.0,5.0,5.0,5.0,5.0,5.0,5.0,5.0,5.0,5.0,5.0,5.0,5.0,5.0,5.0,5.0,5.0
eta1 [-],0.5,0.5,0.5,0.5,0.5,0.5,0.5,0.5,0.5,0.5,0.5,0.5,0.5,0.5,0.5,0.5,0.5,0.5,0.5,0.5,0.5,0.5,0.5,0.5,0.5,0.5,0.5,0.5,0.5,0.5,0.5,0.5,0.5,0.5,0.5,0.5,0.5,0.5,0.5,0.5,0.5,0.5,0.5,0.5,0.5,0.5,0.5,0.5,0.5,0.5,0.5,0.5,0.5,0.5,0.5,0.5,0.5,0.5,0.5,0.5,0.5,0.5,0.5,0.5,0.5,0.5,0.5,0.5,0.5,0.5,0.5,0.5,0.5,0.5,0.5,0.5,0.5,0.5,0.5,0.5,0.5,0.5,0.5,0.5,0.5,0.5,0.5,0.5,0.5,0.5,0.5,0.5,0.5,0.5,0.5,0.5,0.5,0.5,0.5,0.5,0.5,0.5,0.5,0.5,0.5
eta2 [-],0.5,0.5,0.5,0.5,0.5,0.5,0.5,0.5,0.5,0.5,0.5,0.5,0.5,0.5,0.5,0.5,0.5,0.5,0.5,0.5,0.5,0.5,0.5,0.5,0.5,0.5,0.5,0.5,0.5,0.5,0.5,0.5,0.5,0.5,0.5,0.5,0.5,0.5,0.5,0.5,0.5,0.5,0.5,0.5,0.5,0.5,0.5,0.5,0.5,0.5,0.5,0.5,0.5,0.5,0.5,0.5,0.5,0.5,0.5,0.5,0.5,0.5,0.5,0.5,0.5,0.5,0.5,0.5,0.5,0.5,0.5,0.5,0.5,0.5,0.5,0.5,0.5,0.5,0.5,0.5,0.5,0.5,0.5,0.5,0.5,0.5,0.5,0.5,0.5,0.5,0.5,0.5,0.5,0.5,0.5,0.5,0.5,0.5,0.5,0.5,0.5,0.5,0.5,0.5,0.5
tau [n_days],30.0,30.0,30.0,30.0,30.0,30.0,30.0,30.0,30.0,30.0,30.0,30.0,30.0,30.0,30.0,30.0,30.0,30.0,30.0,30.0,30.0,30.0,30.0,30.0,30.0,30.0,30.0,30.0,30.0,30.0,30.0,30.0,30.0,30.0,30.0,30.0,30.0,30.0,30.0,30.0,30.0,30.0,30.0,30.0,30.0,30.0,30.0,30.0,30.0,30.0,30.0,30.0,30.0,30.0,30.0,30.0,30.0,30.0,30.0,30.0,30.0,30.0,30.0,30.0,30.0,30.0,30.0,30.0,30.0,30.0,30.0,30.0,30.0,30.0,30.0,30.0,30.0,30.0,30.0,30.0,30.0,30.0,30.0,30.0,30.0,30.0,30.0,30.0,30.0,30.0,30.0,30.0,30.0,30.0,30.0,30.0,30.0,30.0,30.0,30.0,30.0,30.0,30.0,30.0,30.0
c1,350.0,350.0,350.0,350.0,350.0,350.0,350.0,350.0,350.0,350.0,350.0,350.0,350.0,350.0,350.0,350.0,350.0,350.0,350.0,350.0,350.0,350.0,350.0,350.0,350.0,350.0,350.0,350.0,350.0,350.0,350.0,350.0,350.0,350.0,350.0,350.0,350.0,350.0,350.0,350.0,350.0,350.0,350.0,350.0,350.0,350.0,350.0,350.0,350.0,350.0,350.0,350.0,350.0,350.0,350.0,350.0,350.0,350.0,350.0,350.0,350.0,350.0,350.0,350.0,350.0,350.0,350.0,350.0,350.0,350.0,350.0,350.0,350.0,350.0,350.0,350.0,350.0,350.0,350.0,350.0,350.0,350.0,350.0,350.0,350.0,350.0,350.0,350.0,350.0,350.0,350.0,350.0,350.0,350.0,350.0,350.0,350.0,350.0,350.0,350.0,350.0,350.0,350.0,350.0,350.0
c2,350.0,350.0,350.0,350.0,350.0,350.0,350.0,350.0,350.0,350.0,350.0,350.0,350.0,350.0,350.0,350.0,350.0,350.0,350.0,350.0,350.0,350.0,350.0,350.0,350.0,350.0,350.0,350.0,350.0,350.0,350.0,350.0,350.0,350.0,350.0,350.0,350.0,350.0,350.0,350.0,350.0,350.0,350.0,350.0,350.0,350.0,350.0,350.0,350.0,350.0,350.0,350.0,350.0,350.0,350.0,350.0,350.0,350.0,350.0,350.0,350.0,350.0,350.0,350.0,350.0,350.0,350.0,350.0,350.0,350.0,350.0,350.0,350.0,350.0,350.0,350.0,350.0,350.0,350.0,350.0,350.0,350.0,350.0,350.0,350.0,350.0,350.0,350.0,350.0,350.0,350.0,350.0,350.0,350.0,350.0,350.0,350.0,350.0,350.0,350.0,350.0,350.0,350.0,350.0,350.0
transmission,1.0,1.0,1.0,1.0,1.0,1.0,1.0,1.0,1.0,1.0,1.0,1.0,1.0,1.0,1.0,1.0,1.0,1.0,1.0,1.0,1.0,1.0,1.0,1.0,1.0,1.0,1.0,1.0,1.0,1.0,1.0,1.0,1.0,1.0,1.0,1.0,1.0,1.0,1.0,1.0,1.0,1.0,1.0,1.0,1.0,1.0,1.0,1.0,1.0,1.0,1.0,1.0,1.0,1.0,1.0,1.0,1.0,1.0,1.0,1.0,1.0,1.0,1.0,1.0,1.0,1.0,1.0,1.0,1.0,1.0,1.0,1.0,1.0,1.0,1.0,1.0,1.0,1.0,1.0,1.0,1.0,1.0,1.0,1.0,1.0,1.0,1.0,1.0,1.0,1.0,1.0,1.0,1.0,1.0,1.0,1.0,1.0,1.0,1.0,1.0,1.0,1.0,1.0,1.0,1.0
nnodes,37.0,37.0,37.0,37.0,37.0,37.0,37.0,37.0,37.0,37.0,37.0,37.0,37.0,37.0,37.0,37.0,37.0,37.0,37.0,37.0,37.0,37.0,37.0,37.0,37.0,37.0,37.0,37.0,37.0,37.0,37.0,37.0,37.0,37.0,37.0,37.0,37.0,37.0,37.0,37.0,37.0,37.0,37.0,37.0,37.0,37.0,37.0,37.0,37.0,37.0,37.0,37.0,37.0,37.0,37.0,37.0,37.0,37.0,37.0,37.0,37.0,37.0,37.0,37.0,37.0,37.0,37.0,37.0,37.0,37.0,37.0,37.0,37.0,37.0,37.0,37.0,37.0,37.0,37.0,37.0,37.0,37.0,37.0,37.0,37.0,37.0,37.0,37.0,37.0,37.0,37.0,37.0,37.0,37.0,37.0,37.0,37.0,37.0,37.0,37.0,37.0,37.0,37.0,37.0,37.0
tres,3.0,3.0,3.0,3.0,3.0,3.0,3.0,3.0,3.0,3.0,3.0,3.0,3.0,3.0,3.0,3.0,3.0,3.0,3.0,3.0,3.0,3.0,3.0,3.0,3.0,3.0,3.0,3.0,3.0,3.0,3.0,3.0,3.0,3.0,3.0,3.0,3.0,3.0,3.0,3.0,3.0,3.0,3.0,3.0,3.0,3.0,3.0,3.0,3.0,3.0,3.0,3.0,3.0,3.0,3.0,3.0,3.0,3.0,3.0,3.0,3.0,3.0,3.0,3.0,3.0,3.0,3.0,3.0,3.0,3.0,3.0,3.0,3.0,3.0,3.0,3.0,3.0,3.0,3.0,3.0,3.0,3.0,3.0,3.0,3.0,3.0,3.0,3.0,3.0,3.0,3.0,3.0,3.0,3.0,3.0,3.0,3.0,3.0,3.0,3.0,3.0,3.0,3.0,3.0,3.0
CO2 price [EUR],113.253,117.032,113.745,113.251,116.288,123.303,117.984,117.191,113.531,113.253,371.582,372.03,244.758,246.711,263.11,246.114,254.341,246.912,246.916,245.507,345.391,243.881,117.193,383.279,344.432,116.313,115.785,263.741,345.514,366.876,117.192,358.849,117.776,120.943,267.166,248.191,345.397,116.134,382.388,267.091,262.08,115.389,366.308,263.313,254.377,247.392,263.74,358.853,254.119,113.619,345.426,116.81,358.575,113.252,266.367,366.748,371.977,382.3,108.618,248.113,124.338,267.135,267.147,267.144,371.492,106.207,117.15,112.479,371.769,366.875,248.196,117.779,383.192,263.638,252.18,254.384,124.338,111.154,358.803,383.115,116.812,371.871,383.127,366.367,358.768,124.338,117.773,253.137,358.854,358.481,116.511,263.751,110.123,110.655,345.124,366.877,383.252,247.741,372.028,246.871,366.852,247.967,343.492,267.152,254.382
c_sys [bEUR],131.862,136.832,136.791,141.977,137.716,138.067,137.89,136.833,142.012,131.862,668.397,668.636,349.63,349.786,357.954,349.743,358.859,349.795,349.794,349.708,646.134,349.483,136.833,687.313,645.814,142.061,136.825,358.065,646.107,665.272,136.833,659.279,139.346,138.02,369.272,354.838,646.14,139.305,687.298,369.276,357.859,139.259,665.083,358.02,358.861,354.788,358.063,659.279,358.85,139.189,646.039,142.062,659.258,131.862,369.248,665.263,668.638,687.236,131.746,354.832,138.077,369.279,369.279,369.278,668.16,131.657,136.833,141.934,668.522,665.271,354.841,139.346,687.354,358.054,358.662,358.863,138.077,131.834,659.276,687.295,142.062,668.593,687.316,665.194,659.273,138.077,139.346,358.786,659.28,659.196,139.332,358.058,131.804,141.878,645.972,665.272,687.32,354.813,668.635,354.74,665.271,354.825,645.585,369.279,358.866
X Discharge,0.001,0.048,1.303,1.348,3.33,0.577,2.738,0.0,1.264,0.0,2.122,0.001,2.302,0.226,1.138,0.79,0.063,0.003,0.002,1.375,0.002,3.377,0.0,0.001,2.341,0.137,0.509,0.002,0.305,0.0,0.0,0.009,0.0,1.57,0.001,0.003,0.004,1.03,0.579,0.251,2.096,1.476,1.98,0.805,0.003,0.815,0.003,0.0,0.518,2.234,0.865,0.0,0.626,0.0,0.916,0.305,0.072,1.358,2.128,0.091,0.0,0.016,0.003,0.005,3.422,2.982,0.014,1.65,0.947,0.0,0.002,0.0,0.006,0.215,2.183,0.002,0.001,1.092,0.041,0.332,0.0,0.668,0.168,1.117,0.119,0.0,0.001,1.279,0.0,1.211,0.652,0.015,1.503,2.182,1.311,0.001,0.001,0.421,0.0,1.563,0.043,0.196,3.481,0.002,0.002
load_coverage [%],0.0,0.005,0.142,0.146,0.362,0.063,0.297,0.0,0.137,0.0,0.071,0.0,0.144,0.014,0.072,0.05,0.004,0.0,0.0,0.086,0.0,0.211,0.0,0.0,0.077,0.015,0.055,0.0,0.01,0.0,0.0,0.0,0.0,0.171,0.0,0.0,0.0,0.112,0.019,0.016,0.132,0.16,0.065,0.051,0.0,0.051,0.0,0.0,0.033,0.243,0.028,0.0,0.021,0.0,0.058,0.01,0.002,0.045,0.231,0.006,0.0,0.001,0.0,0.0,0.114,0.324,0.002,0.179,0.032,0.0,0.0,0.0,0.0,0.014,0.138,0.0,0.0,0.119,0.001,0.011,0.0,0.022,0.006,0.037,0.004,0.0,0.0,0.081,0.0,0.04,0.071,0.001,0.163,0.237,0.043,0.0,0.0,0.027,0.0,0.098,0.001,0.012,0.115,0.0,0.0
battery_load_coverage [%],2.03,3.09,2.935,1.741,2.939,3.324,3.035,3.103,1.777,2.029,4.551,4.594,2.311,2.364,3.195,2.334,2.719,2.393,2.392,2.324,3.668,2.279,3.102,3.23,3.616,1.933,3.034,3.205,3.667,4.516,3.103,3.908,3.067,3.226,1.957,2.808,3.667,2.978,3.226,1.961,3.184,2.921,4.5,3.193,2.722,2.769,3.206,3.908,2.711,2.864,3.652,1.959,3.896,2.031,1.949,4.507,4.603,3.212,1.866,2.789,3.4,1.963,1.964,1.964,4.539,1.751,3.097,1.673,4.558,4.516,2.808,3.067,3.247,3.2,2.655,2.721,3.397,1.967,3.904,3.214,1.959,4.6,3.229,4.491,3.899,3.398,3.065,2.688,3.908,3.872,3.024,3.199,1.93,1.601,3.64,4.517,3.234,2.776,4.595,2.763,4.515,2.783,3.615,1.962,2.722
G_discharge [GW],0.003,0.184,4.243,11.072,30.864,2.911,22.272,0.001,9.984,0.001,45.254,0.011,18.507,5.702,10.167,11.074,0.788,0.057,0.039,13.724,0.033,25.341,0.001,0.01,39.154,0.758,1.523,0.041,10.779,0.004,0.002,0.411,0.002,10.88,0.008,0.102,0.07,4.319,13.757,0.939,14.101,6.492,24.669,7.351,0.046,9.814,0.055,0.003,4.455,8.753,21.366,0.001,12.051,0.001,3.432,5.213,2.093,19.632,6.071,4.946,0.001,0.068,0.02,0.027,58.642,8.963,0.068,13.003,25.237,0.005,0.058,0.001,0.054,1.995,20.283,0.023,0.005,2.888,1.709,9.976,0.001,17.813,5.619,16.099,3.966,0.001,0.008,11.349,0.004,19.158,2.91,0.463,4.172,19.485,28.765,0.021,0.011,8.713,0.005,11.452,0.685,7.395,53.059,0.017,0.022
E [GWh],0.205,15.035,1121.283,417.609,2828.315,234.637,1948.137,0.048,375.551,0.055,2423.341,0.207,1296.632,74.266,879.757,280.028,31.124,1.04,0.59,592.046,0.577,2759.385,0.038,0.34,2200.514,27.7,215.897,0.637,135.658,0.099,0.133,5.279,0.077,877.708,0.276,1.112,1.465,374.403,358.82,147.449,2351.337,678.258,2857.836,588.428,1.484,436.442,0.897,0.072,344.814,1419.614,497.969,0.053,488.94,0.045,638.168,271.926,32.31,1663.383,879.253,30.76,0.051,8.926,1.562,3.252,4759.864,1645.936,3.661,548.566,788.56,0.127,0.703,0.049,1.806,118.676,2507.671,0.784,0.331,259.298,24.199,196.457,0.049,512.095,93.919,1311.343,72.666,0.075,0.296,1054.985,0.142,1195.067,213.361,5.521,446.621,1062.786,956.844,0.402,0.327,197.136,0.104,964.326,24.375,76.586,4352.274,0.784,0.607
G_charge [GW],0.005,0.275,7.75,8.162,20.981,3.144,16.284,0.002,7.669,0.002,21.97,0.005,15.474,1.428,8.146,5.187,0.482,0.023,0.015,9.131,0.018,23.4,0.002,0.007,21.634,0.835,3.172,0.019,2.569,0.003,0.003,0.071,0.003,8.784,0.01,0.024,0.035,5.676,5.294,1.9,15.725,8.265,20.111,5.64,0.025,5.41,0.022,0.002,3.935,13.396,7.553,0.002,5.349,0.002,7.05,2.734,0.588,13.29,10.7,0.548,0.002,0.128,0.029,0.046,36.291,16.561,0.076,10.198,8.394,0.003,0.02,0.002,0.056,1.558,18.321,0.018,0.007,5.145,0.336,3.082,0.002,5.635,1.48,10.487,0.973,0.002,0.008,10.044,0.004,10.423,3.495,0.104,7.216,14.158,11.717,0.007,0.013,2.734,0.003,10.468,0.335,1.228,32.76,0.021,0.017
G_battery [GW],29.119,45.648,43.297,25.762,43.379,49.41,44.995,45.842,26.238,29.118,237.271,241.914,80.483,83.59,113.456,81.777,94.885,86.959,86.968,80.995,198.364,79.86,45.842,187.801,192.243,28.537,44.847,114.016,196.895,252.618,45.842,226.116,45.017,47.851,67.753,113.734,198.34,43.578,181.606,67.583,112.701,42.674,243.407,113.439,95.082,109.29,114.013,226.152,94.931,41.652,194.968,28.913,221.575,29.121,67.241,250.528,241.694,180.265,26.628,111.492,50.513,67.762,67.779,67.775,235.527,25.044,45.767,24.73,238.738,252.617,113.75,45.018,187.682,113.424,93.198,95.082,50.506,28.262,225.031,182.584,28.914,239.848,185.246,245.83,223.485,50.509,45.003,94.104,226.148,220.193,44.251,113.826,27.742,23.798,193.667,252.611,187.767,109.526,241.907,108.724,252.16,110.202,191.773,67.776,95.096
E_battery [GWh],167.571,258.917,245.252,143.016,241.954,278.099,250.709,260.091,145.75,167.568,1434.514,1466.329,482.544,494.881,658.382,489.135,575.945,505.262,505.301,485.7,1161.975,477.987,260.087,1075.779,1133.037,159.546,254.303,661.486,1154.303,1455.9,260.087,1261.297,253.843,268.569,416.77,610.327,1161.854,245.513,1053.247,416.13,655.282,240.458,1423.115,658.767,576.747,596.596,661.475,1261.453,573.867,235.014,1145.148,161.777,1245.272,167.582,413.823,1448.719,1465.896,1045.173,152.959,603.577,284.827,416.811,416.859,416.854,1422.523,142.689,259.646,137.394,1444.372,1455.881,610.247,253.852,1075.084,659.603,563.499,576.733,284.785,162.101,1257.904,1058.973,161.783,1454.016,1067.865,1432.81,1253.309,284.806,253.798,569.164,1261.434,1238.904,249.635,660.918,159.006,130.998,1139.837,1455.891,1075.548,597.68,1466.298,594.763,1454.442,599.733,1131.34,416.82,576.783
G_homebattery [GW],71.98,73.166,72.684,76.648,73.323,73.799,73.187,73.179,76.846,71.982,14.34,14.254,14.569,14.551,17.618,14.43,17.666,14.632,14.62,14.492,12.522,14.551,73.179,14.291,12.4,77.681,73.039,17.668,12.629,16.87,73.179,14.55,80.949,73.186,14.605,19.938,12.542,79.77,14.337,14.669,17.457,79.68,17.026,17.678,17.686,19.623,17.664,14.56,17.734,78.9,12.631,77.799,14.695,71.98,14.636,16.921,14.241,14.433,71.293,19.729,74.057,14.676,14.682,14.683,14.308,70.792,73.18,76.705,14.278,16.87,19.96,80.95,14.456,17.653,17.746,17.694,74.064,71.527,14.545,14.212,77.797,14.346,14.278,16.867,14.559,74.062,80.969,17.785,14.56,14.481,80.045,17.617,71.569,76.222,12.621,16.87,14.325,19.609,14.259,19.67,16.86,19.682,12.495,14.672,17.702
E_homebattery [GWh],384.537,420.863,416.036,446.175,424.918,429.281,423.722,421.12,448.135,384.545,76.233,75.823,64.059,63.748,85.097,63.513,87.604,64.045,64.004,63.762,57.778,64.012,421.122,77.492,57.61,457.169,419.475,85.437,57.871,93.181,421.118,75.121,479.613,423.65,74.961,90.111,57.838,473.963,77.33,75.125,84.209,473.135,93.576,85.254,87.685,88.731,85.427,75.177,87.879,467.139,57.821,458.395,75.058,384.536,74.556,93.523,75.853,77.306,379.851,89.263,430.859,75.223,75.251,75.249,76.036,376.298,421.069,446.19,75.964,93.178,90.315,479.619,78.099,85.306,87.66,87.719,430.901,381.662,75.084,77.242,458.381,76.33,77.386,93.257,75.131,430.885,479.703,87.895,75.18,74.089,475.257,85.276,381.832,443.908,57.887,93.174,77.597,88.548,75.845,88.732,93.152,88.746,57.857,75.202,87.748
G_PHS [GW],56.7,56.7,56.7,56.7,56.7,56.7,56.7,56.7,56.7,56.7,56.7,56.7,56.7,56.7,56.7,56.7,56.7,56.7,56.7,56.7,56.7,56.7,56.7,56.7,56.7,56.7,56.7,56.7,56.7,56.7,56.7,56.7,56.7,56.7,56.7,56.7,56.7,56.7,56.7,56.7,56.7,56.7,56.7,56.7,56.7,56.7,56.7,56.7,56.7,56.7,56.7,56.7,56.7,56.7,56.7,56.7,56.7,56.7,56.7,56.7,56.7,56.7,56.7,56.7,56.7,56.7,56.7,56.7,56.7,56.7,56.7,56.7,56.7,56.7,56.7,56.7,56.7,56.7,56.7,56.7,56.7,56.7,56.7,56.7,56.7,56.7,56.7,56.7,56.7,56.7,56.7,56.7,56.7,56.7,56.7,56.7,56.7,56.7,56.7,56.7,56.7,56.7,56.7,56.7,56.7
E_PHS [GWh],1407.69,1407.69,1407.69,1407.69,1407.69,1407.69,1407.69,1407.69,1407.69,1407.69,1407.69,1407.69,1407.69,1407.69,1407.69,1407.69,1407.69,1407.69,1407.69,1407.69,1407.69,1407.69,1407.69,1407.69,1407.69,1407.69,1407.69,1407.69,1407.69,1407.69,1407.69,1407.69,1407.69,1407.69,1407.69,1407.69,1407.69,1407.69,1407.69,1407.69,1407.69,1407.69,1407.69,1407.69,1407.69,1407.69,1407.69,1407.69,1407.69,1407.69,1407.69,1407.69,1407.69,1407.69,1407.69,1407.69,1407.69,1407.69,1407.69,1407.69,1407.69,1407.69,1407.69,1407.69,1407.69,1407.69,1407.69,1407.69,1407.69,1407.69,1407.69,1407.69,1407.69,1407.69,1407.69,1407.69,1407.69,1407.69,1407.69,1407.69,1407.69,1407.69,1407.69,1407.69,1407.69,1407.69,1407.69,1407.69,1407.69,1407.69,1407.69,1407.69,1407.69,1407.69,1407.69,1407.69,1407.69,1407.69,1407.69,1407.69,1407.69,1407.69,1407.69,1407.69,1407.69
G_electrolysis [GW],0.0,0.0,0.0,0.001,0.0,0.0,0.001,0.0,0.0,0.0,814.352,823.829,75.154,77.254,83.569,76.699,75.592,77.49,77.489,76.088,778.458,72.847,0.0,793.365,767.487,0.0,0.0,84.956,778.878,859.29,0.0,797.46,0.0,0.0,83.997,70.597,778.472,0.0,791.713,83.568,82.686,0.0,852.258,84.238,75.689,70.18,84.956,797.497,75.178,0.0,775.93,0.0,795.372,0.0,82.48,858.155,823.614,787.254,0.0,70.684,0.0,83.912,83.939,83.935,809.937,0.0,0.0,0.001,819.95,859.292,70.599,0.0,793.444,84.724,74.025,75.688,0.001,0.0,797.392,792.825,0.0,820.907,793.193,855.002,797.236,0.0,0.0,74.81,797.497,793.094,0.0,84.947,0.0,0.0,773.259,859.287,793.385,70.592,823.829,68.93,859.225,70.675,763.759,83.95,75.68
E_H2 [GWh],0.071,0.07,0.081,0.082,0.076,0.088,0.11,0.061,0.07,0.059,6436.295,6514.569,822.919,932.338,895.532,892.359,766.03,953.98,954.17,859.58,7646.998,737.468,0.075,5868.87,7462.446,0.084,0.067,966.984,7647.557,8155.043,0.081,5789.186,0.082,0.073,1049.717,721.065,7646.751,0.066,5849.327,1032.388,862.572,0.073,7992.211,924.449,767.637,717.443,967.042,5789.728,761.638,0.068,7634.781,0.05,5788.164,0.073,988.171,8124.237,6517.026,5807.714,0.069,723.926,0.083,1046.646,1047.365,1047.233,6284.766,0.071,0.076,0.092,6569.695,8154.956,721.252,0.081,5875.865,954.962,718.714,767.696,0.076,0.064,5784.828,5852.398,0.072,6542.431,5879.024,8073.963,5784.594,0.07,0.07,753.265,5789.886,5780.258,0.063,967.394,0.08,0.075,7621.672,8154.634,5870.968,720.709,6514.702,705.424,8147.999,725.169,7330.619,1047.615,767.595
avail_onwind [MWh],159221453.388,137047091.684,139243077.203,152767883.398,142192952.71,133596564.353,140248640.218,136996111.704,152435805.566,159221502.33,854719264.923,852263396.138,413294855.569,407804794.149,334860447.085,409268268.792,340296247.424,406834871.293,406825764.177,411292454.756,979993932.055,416687813.439,136995486.882,840396847.281,980412918.978,150174460.792,137811047.97,333374479.733,979949902.552,844334835.885,136995998.288,950108791.08,163462476.444,136537141.278,385522168.204,391532748.506,980001071.083,163605131.282,841104049.568,385923259.778,337569295.617,164670893.343,846337169.479,334644675.145,340190145.002,393554441.599,333373683.653,950108426.831,340441226.217,166718072.431,979905028.205,150025956.311,950618545.707,159222799.472,387805403.101,844549583.231,852414845.646,842004590.643,163903791.806,392103403.424,132548985.083,385475254.841,385483520.186,385491956.545,857980637.014,167525508.326,136969116.93,153540557.495,852921055.294,844343741.852,391505641.156,163467187.192,840515630.277,333834473.28,345862163.683,340192656.915,132547870.033,160809742.195,949249172.959,840819548.108,150024942.296,852756394.355,840890896.78,845001082.022,949260719.586,132548696.336,163467722.532,342353675.47,950096777.244,950616535.367,163313144.227,333407838.749,161605374.744,155621593.796,979943666.509,844330657.809,840431668.287,392788593.481,852263506.556,394984670.721,844715528.294,392367108.553,979405304.519,385502063.383,340202093.283
avail_offwind [MWh],299834710.647,291852724.821,292112628.039,284590597.564,272137214.2,275784924.143,273487574.023,291682424.083,284391776.103,299834048.671,456672779.142,455243477.325,385215788.928,385627457.335,366559505.515,385377826.449,349183322.0,385682862.816,385688468.211,385098293.962,560690722.029,385889437.998,291684005.832,646752232.978,561348705.249,284035853.128,291790314.879,366934900.969,560622407.454,520054618.308,291683919.243,525358456.546,237290919.663,274501313.715,379021669.106,373919901.778,560709201.108,237762516.927,647908188.888,379005588.927,365770891.906,237280997.483,521812635.721,366749775.643,349182853.682,373762819.98,366936898.902,525348131.612,349009441.46,236932442.573,560077613.431,283770414.995,525867306.844,299832549.423,378795107.804,520490882.363,455500637.34,649349955.501,298584875.687,373922921.067,275978057.047,379061140.784,379036735.837,379030605.015,458235976.065,297782776.537,291773831.95,284593246.858,455468231.415,520054402.676,373950564.418,237283466.011,646849479.98,366947159.167,348332853.128,349182594.613,275977907.551,299674062.818,526007503.459,646984185.877,283772032.411,455420194.393,646772802.656,522047641.924,525983825.445,275978479.703,237271948.002,348671111.089,525368382.974,527446016.987,237710486.13,366949239.255,299514628.511,284472173.053,559490285.036,520063746.857,646782966.408,373903593.351,455242783.554,373422375.912,519976402.21,374037273.922,565229596.462,379031310.18,349184460.219
avail_solar [MWh],277672997.51,308772069.993,306238261.227,292589823.762,327325062.179,331944108.4,327931297.006,309016253.5,292869229.94,277674046.68,1156261114.992,1158185583.581,515859084.473,518327542.772,612657890.523,518039494.827,613057301.606,518363039.333,518360366.073,517169230.482,927502494.764,514063723.588,309015037.584,963034949.298,930530835.865,295222407.798,307859205.532,613136281.112,928841716.946,1125974471.298,309015278.151,1017814580.457,343892252.164,330388636.764,527143698.69,548388950.932,927507882.275,342929918.671,963088067.759,526915432.972,611683647.506,342433440.113,1124838355.991,612428989.18,613090827.493,547471967.444,613137165.794,1017815021.807,612852664.281,340782754.01,929816782.568,295594226.679,1016938467.837,277674256.062,526291157.119,1125911247.598,1157909488.044,962930398.837,274537763.573,548229649.709,332890239.576,527142093.411,527150522.671,527143807.835,1152454795.189,272451296.766,308942518.421,291988447.595,1158536438.58,1125968473.543,548390108.408,343894571.745,962942305.859,612866968.179,609846059.246,613087162.53,332890803.272,276266231.803,1017851894.543,963171802.204,295594044.094,1158329213.121,962921514.191,1124837490.16,1017928221.319,332890172.232,343902095.697,611884910.981,1017808824.622,1015807297.408,343459459.761,613100798.184,275677782.766,290629772.547,930668758.796,1125968264.408,962980427.869,547977397.985,1158184684.459,547057108.95,1125832320.641,548131266.234,930768996.27,527144865.708,613085316.67
used_onwind [MWh],137041948.062,115724205.327,122211714.679,137304927.669,130816134.226,116231371.225,127944962.451,115592630.528,136922480.205,136967027.837,821815899.793,816031088.524,397966497.802,388508499.022,316086573.108,390763902.587,317498403.312,387620028.622,387624145.905,394012999.561,956502795.122,402922939.936,115491607.809,802622165.964,959407736.925,131817663.579,117999300.875,311910287.752,956288092.962,816082396.314,115517872.212,914220886.88,135335782.916,121623019.66,359837823.184,366323337.997,956408233.004,139413336.666,803660726.286,360951027.78,320827627.037,142033160.416,820383731.79,315281478.46,317261847.368,370524310.8,311885610.654,914278300.507,319184790.995,146664122.254,956695411.042,131401082.055,914798847.858,137052642.096,363930146.623,816662925.18,815678848.155,804768084.019,148181418.254,366912455.192,113450265.315,359931537.081,360001064.828,360051284.384,827935791.516,153998118.038,115489947.753,138809902.87,817153159.826,816203085.631,366353853.96,135362052.146,802435661.271,312709859.381,328621104.161,317266741.267,113265100.508,141988796.229,913943349.693,803916854.794,131252400.209,816752829.336,802957674.103,818234708.904,913886221.921,113304606.305,135263740.069,323080173.375,914266527.689,916954860.534,137765521.162,311854576.082,144047004.54,141935458.991,956738214.966,816129725.546,802150921.994,368732839.085,815966913.31,373644271.379,816497527.651,367466163.141,958744205.96,359916280.962,317228637.894
used_offwind [MWh],286894621.786,277477700.855,278257188.726,273856417.767,258993572.829,259216874.557,259143163.06,277234667.799,273656865.675,286937348.463,442209141.777,437683532.592,378202519.924,377949549.9,357215105.165,377420338.778,340598313.672,378172900.132,378175103.412,377908058.702,544883138.236,377286141.355,277353700.806,627215903.837,543836265.826,272656379.973,277675246.862,357181578.567,545862620.617,504614906.178,277320981.472,505711230.799,223312993.3,258846201.365,368026475.431,364733525.329,544860617.217,223961112.848,631664280.501,369021097.485,356843448.288,223607190.627,509072024.352,356721037.125,340488677.991,364432672.499,357150259.703,505560910.244,340459552.964,223657404.88,545357863.825,272236547.942,508397885.725,286886368.433,368986546.008,504857587.049,439168249.211,633573428.017,286653903.84,364255007.246,259149556.089,368952222.005,369009960.647,369075288.421,444626328.079,286591332.417,277436180.85,274011987.463,439757921.635,504421767.309,364661343.3,223293394.079,629724201.509,357378524.291,339146843.346,340466615.526,259268392.803,287148102.688,505926703.802,627041362.907,272367299.16,441042629.248,628619896.909,506722558.074,506174480.798,259241355.088,223330922.251,340096852.98,505596237.406,507641497.995,223739047.601,356943956.221,287223629.017,274401749.593,545504003.436,504603410.952,628343667.16,364764798.963,437794688.977,364130426.479,504521843.753,364653743.478,548726144.143,368768285.394,340353663.155
used_solar [MWh],270964211.476,300464764.643,298166097.801,286068305.09,318722347.035,322176045.369,318904449.576,300681797.04,286312207.239,270984966.649,1137093282.68,1139750534.853,505940536.875,507874930.97,599219034.301,507981529.875,603001874.45,507699666.713,507699858.851,506930450.299,912536281.889,505119744.454,300671144.174,950060706.99,916439048.272,288487989.971,299681494.029,599347821.831,913515446.112,1101866138.01,300672862.339,998644936.444,334943226.557,320900060.757,520398623.257,537167979.837,912545009.234,334089014.413,948529588.911,519659667.338,598476657.473,333699803.73,1101103880.263,599053417.692,603010086.352,536607560.398,599388665.951,998676841.207,602957299.036,332279820.105,914589581.006,288859484.264,997401739.202,270958807.734,519195061.776,1101897088.513,1139177722.998,948532630.519,268051059.113,537301290.49,322984104.993,519868522.037,519820960.053,519793344.175,1133560705.298,266202976.56,300623825.112,285522546.454,1139606432.634,1101872500.961,537223706.344,334936761.036,948795757.209,599130211.755,601344984.637,603018722.112,323028505.717,269589044.792,998753917.998,950243965.525,288868607.249,1138889177.035,949422874.33,1101161833.348,998794519.65,323016271.688,334987238.878,602472602.907,998661475.907,996911177.175,334524940.411,599461472.367,269025000.883,284277528.051,915452550.374,1101886528.027,949673805.422,536880875.977,1139736954.028,536340843.768,1101739657.517,537033213.422,916588499.746,519965775.079,603088738.402
gas_OCGT_gen [MWh],42721627.5,32113851.9,31770009.6,32474103.9,34234947.6,35456134.5,34667811.9,32147915.7,32190326.1,42722202.9,6058462.5,8917894.2,11298602.7,12384700.5,6693550.5,12080140.8,9906320.7,12459959.1,12457677.9,11665193.1,13649832.3,10590876.6,32147127.6,6076719.0,11879757.0,32361077.1,31967276.1,7554474.6,13595546.7,11080917.9,32147902.8,7646675.1,24282111.6,35060289.9,10049309.7,8455705.2,13650618.3,23742488.4,5085256.5,9947026.2,6468406.2,23438924.1,8170779.6,6982892.4,9966077.4,7962930.0,7553130.0,7685316.9,9593079.9,22988782.5,13122084.9,32376570.3,6875709.9,42722220.3,9612312.6,10563555.3,8818794.3,4477437.9,42656573.4,8226447.3,35838399.9,10062895.2,10065278.4,10064830.2,5094426.0,42960891.9,32137182.9,32477985.9,7086042.0,11080896.0,8460186.9,24279773.7,6071610.0,7405211.7,8288291.4,9971571.3,35839878.0,42715491.6,7572806.7,5448351.0,32376212.4,7763601.6,5685384.9,9191283.9,7510674.3,35840133.9,24279927.0,9014888.1,7686105.6,6261339.6,24053738.4,7532691.9,42751444.2,32751673.2,12703631.1,11080342.2,6075605.7,8049069.0,8918357.1,7883015.4,11027676.9,8132896.5,10917476.7,10063266.0,9971462.4
gas_CCGT_gen [MWh],154438642.5,169444762.2,169930971.3,168934891.5,166444083.0,164716413.0,165831463.5,169396600.8,169336672.5,154437939.9,560122.8,589165.8,15471922.2,15219693.0,15420409.2,15032910.0,6961620.9,15300777.0,15300728.7,15258003.3,2275284.6,15860612.1,169397553.0,405884.4,2087387.1,169094913.0,169652063.7,15393935.7,2533008.0,604872.3,169396418.4,1754816.4,180523589.7,165276558.6,9761371.8,14425057.2,2274999.3,181287154.5,418927.8,9777422.4,15671649.9,181716502.5,600489.6,15419105.4,6962979.6,14193546.6,15392146.2,1750273.5,7068284.4,182353368.9,2406403.5,169073325.0,1738387.8,154437792.6,10005845.7,603942.6,590601.6,416898.9,154530707.7,14411225.1,164175722.7,9746990.7,9765321.3,9764047.5,561926.7,154100143.5,169411661.7,168929267.7,584945.4,604589.7,14425722.3,180526939.5,425110.8,15401246.4,7294884.3,6964977.0,164173565.1,154447451.1,1756247.7,406131.0,169073587.5,587415.3,409257.9,602326.8,1761802.5,164173354.8,180526793.1,7207912.2,1750883.4,1694460.3,180847005.3,15380463.0,154396433.1,168542445.6,2201357.7,604874.4,409405.2,14300205.3,588894.3,14215215.6,604743.6,14347211.1,1932295.8,9765855.6,6968751.0
coal_gen [MWh],108.6,113.4,150.3,160.2,138.3,153.3,166.8,118.8,96.0,94.2,1645.8,204.9,2242.5,1740.9,1359.3,1214.1,909.0,1952.4,1767.3,1740.3,1254.9,112.5,141.0,205.5,240.9,128.7,129.0,2048.4,1987.8,252.9,140.7,205.8,156.3,131.7,878.7,1882.5,1641.6,121.5,2174.1,1457.7,2083.2,137.4,1873.5,1588.5,1118.4,2399.7,1803.3,185.4,1548.0,126.9,2292.6,84.3,865.5,102.3,1533.3,195.0,629.1,1860.0,103.5,1511.1,143.4,1566.6,1631.4,1336.2,1891.2,114.6,129.3,180.6,900.3,185.7,2143.5,144.3,2454.0,1603.5,351.3,1444.2,167.7,89.1,228.0,253.2,117.3,1880.1,777.0,224.4,248.1,133.2,138.9,875.4,225.6,141.0,96.9,1215.3,106.5,116.1,1809.6,248.7,646.5,2326.8,182.7,1870.2,226.5,2080.5,200.7,1613.1,1805.1
nuclear_gen [MWh],555.9,668.7,746.7,1022.4,763.8,921.9,1097.4,530.4,768.6,522.6,21096121.2,20957117.1,36600.3,21047.4,44832.3,19572.3,19620.0,24413.7,22690.5,19047.0,22107017.7,1098.9,660.0,45116044.2,22071521.1,926.7,674.4,71359.2,22117884.9,21516717.6,807.0,22464722.4,779.7,747.3,68226.6,35481.6,22106800.5,676.2,42960781.2,124529.7,79586.7,677.1,21655979.1,64022.4,16803.3,83256.9,65457.9,22454859.6,24099.6,617.1,22127707.8,478.5,23306308.2,606.3,95488.2,21517407.6,20968322.1,40959764.7,488.7,35229.0,814.2,105323.1,107979.9,121890.0,21102585.9,613.2,699.0,1164.9,21032346.3,21513970.2,36010.2,768.0,45125994.9,53911.2,7296.3,27988.5,961.2,483.3,22465990.5,44071113.9,808.5,21048987.3,44417970.9,21514398.9,22504489.2,809.7,742.5,19729.8,22456812.6,23800848.3,616.2,42651.3,592.2,827.7,22118901.0,21516845.1,45147138.3,73686.3,20955975.0,51966.6,21515246.7,51303.9,22029170.1,106939.2,31877.1
gas_CHP_CC_gen [MWh],-0.0,-0.0,-0.0,-0.0,-0.0,-0.0,-0.0,-0.0,-0.0,-0.0,2691.3,416.1,361017601.5,362242776.9,357970710.0,362061331.2,350054052.9,362157898.5,362159562.9,361719964.2,2261.4,358852797.0,-0.0,507.9,582.3,-0.0,-0.0,358871385.0,3537.9,492.3,-0.0,388.8,-0.0,-0.0,358849683.6,346420588.8,3324.3,-0.0,4919.7,358536746.7,357627411.0,-0.0,4784.4,358385415.9,350115558.9,346113813.6,358880446.8,369.6,349718856.0,-0.0,4778.1,-0.0,1582.2,-0.0,357897464.1,580.5,1197.6,4532.4,-0.0,346538362.5,-0.0,358790164.8,358808963.4,358805586.9,3365.1,-0.0,-0.0,-0.0,1514.4,474.0,346421787.6,-0.0,7347.0,358714126.2,349484506.2,350109606.9,-0.0,-0.0,540.6,768.9,-0.0,3315.6,1927.2,605.7,515.4,-0.0,-0.0,349716657.6,466.5,250.5,-0.0,358880243.4,-0.0,-0.0,3569.4,543.6,1798.2,346408989.3,282.9,345503762.4,520.8,346542601.8,345.9,358817553.0,350109095.4
gas_CHP_gen [MWh],-0.0,-0.0,-0.0,-0.0,-0.0,-0.0,-0.0,-0.0,-0.0,-0.0,44216757.0,45227912.7,52157359.5,52757469.9,62502435.9,52814811.3,49767059.4,52672292.4,52673070.6,52623293.7,49207760.4,51895239.0,-0.0,57325229.7,46207221.6,-0.0,-0.0,62449676.1,49589768.4,68169006.0,-0.0,59217624.0,-0.0,-0.0,62552488.5,60454438.8,49204888.5,-0.0,57561328.2,62513938.2,61507597.5,-0.0,67758557.1,62493889.5,49820046.6,60979878.6,62455175.4,59207150.4,49711434.3,-0.0,48918559.2,-0.0,59190689.7,-0.0,62121423.0,68264090.4,45213448.2,57036552.9,-0.0,60907814.4,-0.0,62540076.3,62528262.3,62529195.6,43427904.3,-0.0,-0.0,-0.0,45084225.0,68168206.2,60452373.9,-0.0,57302229.6,62388095.1,48830208.0,49820978.7,-0.0,-0.0,59266723.2,57643891.8,-0.0,44902428.0,57580146.9,68089360.5,59292187.8,-0.0,-0.0,49172139.0,59205770.1,58729177.2,-0.0,62552448.6,-0.0,-0.0,47977663.5,68169053.1,57322696.5,61024601.7,45228297.0,60621351.3,68173065.3,61014712.8,44619849.9,62533885.8,49819197.0
biomass_CHP_CC_gen [MWh],-0.0,-0.0,-0.0,-0.0,-0.0,-0.0,-0.0,-0.0,-0.0,-0.0,21784.8,2750.4,-0.0,-0.0,-0.0,-0.0,-0.0,-0.0,-0.0,-0.0,3751321.2,-0.0,-0.0,3540.9,2083908.6,-0.0,-0.0,-0.0,3971381.4,10369400.4,-0.0,87213.3,-0.0,-0.0,-0.0,-0.0,3754832.7,-0.0,33468.9,-0.0,-0.0,-0.0,9096943.5,-0.0,-0.0,-0.0,-0.0,86761.2,-0.0,-0.0,3533985.0,-0.0,128071.2,-0.0,-0.0,10169529.3,8025.6,27761.4,-0.0,-0.0,-0.0,-0.0,-0.0,-0.0,23292.0,-0.0,-0.0,-0.0,11922.3,10368910.5,-0.0,-0.0,40063.8,-0.0,-0.0,-0.0,-0.0,-0.0,89136.0,4274.4,-0.0,24869.7,13440.0,9722387.7,89440.5,-0.0,-0.0,-0.0,87558.0,135405.6,-0.0,-0.0,-0.0,-0.0,3070935.3,10367598.9,11262.0,-0.0,2328.0,-0.0,10359567.3,-0.0,1416864.3,-0.0,-0.0
biomass_CHP_gen [MWh],-0.0,-0.0,-0.0,-0.0,-0.0,-0.0,-0.0,-0.0,-0.0,-0.0,139846026.6,139716015.0,-0.0,-0.0,-0.0,-0.0,-0.0,-0.0,-0.0,-0.0,135056261.4,-0.0,-0.0,139236519.6,136915953.3,-0.0,-0.0,-0.0,134810908.8,127674427.2,-0.0,139716221.7,-0.0,-0.0,-0.0,-0.0,135052410.6,-0.0,139208455.2,-0.0,-0.0,-0.0,129093834.0,-0.0,-0.0,-0.0,-0.0,139717851.9,-0.0,-0.0,135298836.9,-0.0,139707013.5,-0.0,-0.0,127897356.0,139714432.5,139266474.6,-0.0,-0.0,-0.0,-0.0,-0.0,-0.0,139932320.7,-0.0,-0.0,-0.0,139784013.3,127674968.7,-0.0,-0.0,139198065.9,-0.0,-0.0,-0.0,-0.0,-0.0,139713723.3,139235745.0,-0.0,139748331.9,139226001.0,128396093.1,139714736.4,-0.0,-0.0,-0.0,139717016.7,139746101.7,-0.0,-0.0,-0.0,-0.0,135815248.5,127676436.0,139228322.7,-0.0,139716433.2,-0.0,127685393.1,-0.0,137659960.5,-0.0,-0.0
onwind_gen [MWh],411125844.3,347172615.9,366635144.1,411914783.1,392448402.6,348694113.6,383834887.5,346777891.5,410767440.6,410901083.4,2465447699.4,2448093265.5,1193899493.4,1165525497.0,948259719.3,1172291707.8,952495209.9,1162860085.8,1162872437.7,1182038998.8,2869508385.3,1208768819.7,346474823.4,2407866498.0,2878223210.7,395452990.8,353997902.7,935730863.4,2868864279.0,2448247188.9,346553616.6,2742662660.7,406007348.7,364869059.1,1079513469.6,1098970014.0,2869224699.0,418240010.1,2410982178.9,1082853083.4,962482881.0,426099481.2,2461151195.4,945844435.5,951785542.2,1111572932.4,935656832.1,2742834901.5,957554373.0,439992366.9,2870086233.0,394203246.3,2744396543.7,411157926.3,1091790439.8,2449988775.6,2447036544.6,2414304252.0,444544254.9,1100737365.6,340350795.9,1079794611.3,1080003194.4,1080153853.2,2483807374.5,461994354.0,346469843.4,416429708.7,2451459479.4,2448609256.8,1099061562.0,406086156.3,2407306983.9,938129578.2,985863312.6,951800223.9,339795301.5,425966388.6,2741830049.1,2411750564.4,393757200.6,2450258487.9,2408873022.3,2454704126.7,2741658665.7,339913818.9,405791220.3,969240520.2,2742799583.1,2750864581.5,413296563.6,935563728.3,432141013.5,425806377.0,2870214645.0,2448389176.5,2406452766.0,1106198517.3,2447900739.9,1120932814.2,2449492583.1,1102398489.3,2876232618.0,1079748843.0,951685913.7
offwind_gen [MWh],860683865.4,832433102.7,834771566.1,821569253.4,776980718.4,777650623.8,777429489.3,831704003.4,820970597.1,860812045.5,1326627425.4,1313050597.8,1134607559.7,1133848649.7,1071645315.6,1132261016.4,1021794941.1,1134518700.3,1134525310.2,1133724176.1,1634649414.6,1131858424.2,832061102.4,1881647711.4,1631508797.4,817969140.0,833025740.7,1071544735.8,1637587861.8,1513844718.6,831962944.5,1517133692.4,669938979.9,776538604.2,1104079426.2,1094200575.9,1634581851.6,671883338.4,1894992841.5,1107063292.5,1070530344.9,670821571.8,1527216073.2,1070163111.3,1021466034.0,1093298017.5,1071450779.1,1516682730.6,1021378659.0,670972214.7,1636073591.4,816709643.7,1525193657.1,860659105.2,1106959638.0,1514572761.0,1317504747.6,1900720284.0,859961711.4,1092765021.6,777448668.3,1106856666.0,1107029881.8,1107225865.2,1333878984.3,859773997.2,832308542.4,822035962.5,1319273764.8,1513265301.9,1093984029.9,669880182.3,1889172604.5,1072135572.9,1017440529.9,1021399846.5,777805178.4,861444308.1,1517780111.4,1881124088.7,817101897.6,1323127887.6,1885859690.7,1520167674.3,1518523442.4,777724065.3,669992766.9,1020290559.0,1516788712.2,1522924494.0,671217142.8,1070831868.6,861670887.0,823205248.8,1636512010.2,1513810233.0,1885031001.6,1094294397.0,1313384067.0,1092391279.5,1513565531.4,1093961230.5,1646178432.3,1106304856.2,1021060989.6
solar_gen [MWh],812892634.5,901394293.8,894498293.4,858204915.3,956167041.0,966528136.2,956713348.8,902045391.0,858936621.6,812954899.8,3411406232.4,3419336469.3,1518606236.7,1524270310.8,1797775172.4,1524699372.6,1809156342.6,1523711619.0,1523711060.7,1521536274.3,2738582055.6,1516043674.2,902013432.6,2850861276.6,2750215230.0,865463970.0,899044482.0,1798164292.5,2741563139.7,3305604783.9,902018586.9,2996251422.9,1004829679.8,962700182.4,1563781249.5,1612821668.1,2738615109.3,1002267043.2,2846283017.1,1561591903.2,1795567212.3,1001099411.1,3303363028.2,1797279861.3,1809180156.9,1611127794.9,1798283602.5,2996345341.8,1809027541.2,996839460.3,2744731801.2,866578452.9,2992569566.1,812876423.1,1560177669.6,3305698062.9,3417631110.6,2846286025.5,804153177.3,1613220643.8,968952315.0,1562204627.7,1562060399.7,1561975249.2,3400813391.7,798608929.8,901871475.3,856567639.5,3418924045.2,3305624076.6,1612994329.8,1004810283.0,2847137599.8,1797506297.1,1804165335.6,1809211176.3,969085517.1,808767134.4,2996585822.7,2851388643.3,866605821.6,3416799961.5,2848936302.9,3303492824.1,2996711734.5,969048815.1,1004961716.7,1807565842.2,2996300420.7,2991135667.2,1003574821.2,1798493255.7,807075002.7,852832584.3,2747298598.5,3305666417.4,2849713117.5,1611948099.6,3419294705.1,1610274317.7,3305226226.8,1612416693.3,2750632248.3,1562498177.7,1809424549.5
hydro_gen [MWh],512688074.4,513940345.2,513961768.5,515935336.5,511057460.4,510987164.7,510958390.2,513932032.8,515902179.3,512711390.1,510818797.5,511879485.3,512901138.6,512889593.4,510344612.7,513175841.4,510707598.9,512747793.9,512727022.5,512727085.8,513126124.2,513664068.9,513916803.0,516374568.3,513787917.3,515839223.7,513992773.5,510344070.0,512966589.9,511191128.7,513930742.8,514555794.9,511405008.3,510970126.8,516050083.8,513742297.8,513214143.6,511412553.6,515180535.0,515641735.5,510433967.4,511387867.5,510218068.2,510717175.8,510675501.6,513923571.0,510410328.3,514605333.9,510736342.8,511395917.1,513197583.0,515852685.6,514089039.6,512689872.9,515651624.4,511351930.2,511573636.8,515753142.0,512771633.1,513999870.3,511010421.0,515642305.2,515548514.1,515521538.4,510796811.7,512814144.0,513946306.8,515944817.1,511217410.5,511351098.9,513678065.1,511400562.3,515692598.7,510306955.5,511629722.1,510709198.2,511075380.9,512746305.6,514625075.1,516408919.8,515877999.0,510470079.9,515999983.5,511310354.4,514597409.1,511066685.1,511438926.6,511093344.0,514591914.0,514527288.9,511387786.5,510524298.3,512758404.3,515954187.9,512986026.6,511167239.7,516229095.6,513660283.8,511824290.4,514043325.9,511221284.1,513860157.6,513658105.5,515689851.3,510813684.3
tot_gen [MWh],2792.281,2792.846,2807.925,2806.93,2835.225,2801.943,2827.357,2792.359,2806.006,2792.262,7925.725,7907.41,4799.047,4778.354,4770.397,4783.517,4710.501,4775.681,4775.678,4790.406,7980.699,4806.66,2792.369,7903.989,7993.808,2794.139,2798.024,4759.857,7986.347,8018.001,2792.368,8000.983,2794.56,2813.276,4701.887,4748.083,7980.457,2806.301,7911.81,4705.217,4780.089,2812.024,8038.037,4767.072,4709.627,4757.825,4759.88,8000.861,4714.444,2821.989,7988.294,2792.74,8006.664,2792.279,4711.5,8020.326,7908.7,7918.359,2816.211,4749.395,2795.713,4702.926,4703.103,4703.351,7939.068,2827.81,2792.493,2810.277,7914.101,8017.962,4748.066,2794.558,7906.516,4761.782,4732.634,4709.649,2795.696,2803.743,8001.161,7906.569,2792.733,7914.362,7906.109,8026.886,8001.838,2795.695,2794.556,4722.958,8000.873,8009.234,2801.858,4759.537,2808.397,2816.963,7989.718,8018.152,7904.698,4754.527,7907.459,4764.537,8018.574,4751.279,8004.145,4702.709,4709.514
cap_onwind [GW],148.895,129.686,131.675,176.364,135.989,127.476,133.918,129.645,175.973,148.895,981.481,977.912,424.83,421.404,348.313,422.077,396.211,420.859,420.849,423.488,1011.303,427.574,129.645,1082.922,1012.304,173.836,130.382,347.35,1008.619,908.473,129.645,1013.195,178.442,130.364,487.539,414.552,1011.316,178.345,1084.23,487.871,350.395,179.305,909.74,348.234,396.096,416.153,347.343,1013.195,396.146,181.331,1009.403,173.734,1013.785,148.897,489.182,908.469,977.823,1085.782,152.074,415.117,126.53,487.487,487.501,487.51,984.968,155.455,129.618,177.13,979.657,908.484,414.515,178.451,1083.121,347.715,400.84,396.101,126.529,149.44,1012.401,1083.568,173.733,979.071,1083.652,908.704,1012.472,126.53,178.454,397.57,1013.182,1013.989,178.028,347.374,149.918,179.274,1010.595,908.467,1082.987,415.579,977.916,417.255,908.841,415.305,1011.3,487.523,396.108
cap_offwind [GW],200.371,204.251,204.484,215.441,191.954,194.926,193.052,204.096,215.285,200.37,338.676,337.67,261.24,261.539,264.924,261.373,266.677,261.567,261.57,261.191,368.764,261.597,204.097,470.578,369.178,215.005,204.253,265.21,368.696,367.631,204.097,365.294,175.343,193.873,294.987,266.131,368.778,175.563,471.341,294.975,264.334,175.166,368.767,265.07,266.677,266.054,265.211,365.289,266.555,174.854,368.372,214.79,365.622,200.369,294.818,367.901,337.858,472.336,199.56,266.149,195.117,295.018,295.001,294.996,339.766,198.905,204.17,215.434,337.837,367.63,266.153,175.335,470.657,265.216,266.004,266.677,195.117,200.367,365.695,470.72,214.792,337.823,470.586,368.886,365.682,195.117,175.324,266.287,365.302,366.643,175.576,265.22,200.243,215.296,368.057,367.637,470.602,266.159,337.67,265.818,367.581,266.248,371.539,294.998,266.679
cap_solar [GW],746.499,847.472,841.041,820.943,867.617,877.933,868.643,848.146,821.654,746.501,2995.33,2999.687,1388.634,1395.12,1620.018,1394.731,1599.825,1395.131,1395.126,1392.319,2470.467,1383.24,848.144,2666.507,2479.124,827.675,845.128,1621.656,2473.038,2928.93,848.144,2770.095,893.493,874.405,1479.952,1513.155,2470.479,891.77,2667.238,1479.153,1617.411,890.835,2924.83,1619.304,1599.898,1510.155,1621.656,2770.07,1599.374,886.667,2476.35,828.644,2767.878,746.502,1477.105,2928.709,2998.887,2666.008,738.849,1512.541,880.01,1479.973,1480.002,1479.98,2983.673,733.566,847.958,819.499,3001.415,2928.913,1513.159,893.499,2666.267,1620.663,1591.294,1599.89,880.013,742.661,2770.434,2667.011,828.645,3000.849,2666.431,2925.95,2770.721,880.01,893.52,1596.816,2770.05,2764.787,892.825,1621.527,741.414,815.959,2479.378,2928.912,2666.33,1511.673,2999.686,1509.09,2928.507,1512.237,2478.163,1479.977,1599.888
cap_hydro [GW],142.191,142.191,142.191,142.191,142.191,142.191,142.191,142.191,142.191,142.191,142.191,142.191,142.191,142.191,142.191,142.191,142.191,142.191,142.191,142.191,142.191,142.191,142.191,142.191,142.191,142.191,142.191,142.191,142.191,142.191,142.191,142.191,142.191,142.191,142.191,142.191,142.191,142.191,142.191,142.191,142.191,142.191,142.191,142.191,142.191,142.191,142.191,142.191,142.191,142.191,142.191,142.191,142.191,142.191,142.191,142.191,142.191,142.191,142.191,142.191,142.191,142.191,142.191,142.191,142.191,142.191,142.191,142.191,142.191,142.191,142.191,142.191,142.191,142.191,142.191,142.191,142.191,142.191,142.191,142.191,142.191,142.191,142.191,142.191,142.191,142.191,142.191,142.191,142.191,142.191,142.191,142.191,142.191,142.191,142.191,142.191,142.191,142.191,142.191,142.191,142.191,142.191,142.191,142.191,142.191
cap_gas_OCGT [GW],66.762,58.793,55.718,69.573,58.965,84.895,66.918,58.918,69.929,66.763,33.41,73.929,27.49,36.566,22.147,33.603,47.934,38.556,38.558,31.234,69.091,22.606,58.917,33.787,41.972,77.618,57.781,30.46,63.424,48.357,58.917,35.013,57.711,77.602,34.649,23.241,69.076,54.262,24.067,33.973,20.783,52.232,33.648,24.398,48.463,19.01,30.446,35.43,44.637,50.415,54.744,78.135,27.488,66.763,31.917,45.115,72.159,18.776,62.555,20.756,87.609,34.674,34.7,34.697,24.428,60.589,58.879,68.256,49.716,48.356,23.27,57.709,33.769,29.204,31.476,48.493,87.607,64.708,34.484,27.217,78.134,57.389,29.656,38.962,33.747,87.61,57.704,38.706,35.432,22.251,55.538,30.163,63.86,62.54,48.605,48.353,33.783,19.459,73.934,18.628,48.126,19.851,33.617,34.698,48.489
cap_gas_CCGT [GW],37.071,42.904,42.866,38.261,40.159,40.044,40.015,42.888,38.492,37.071,0.403,0.436,8.045,7.89,9.579,7.809,4.706,7.931,7.93,7.926,1.869,8.238,42.889,0.33,1.685,38.762,42.891,9.574,2.112,0.372,42.888,1.55,40.729,39.989,5.862,8.14,1.868,40.63,0.343,5.871,9.719,40.665,0.375,9.586,4.706,7.961,9.574,1.546,4.781,40.635,2.001,38.8,1.534,37.071,5.997,0.372,0.438,0.341,36.016,8.145,40.007,5.853,5.865,5.864,0.405,35.519,42.892,38.087,0.429,0.372,8.142,40.731,0.348,9.577,4.908,4.707,40.005,36.65,1.552,0.33,38.801,0.436,0.333,0.371,1.557,40.006,40.73,4.877,1.547,1.489,40.57,9.568,36.383,37.67,1.808,0.373,0.333,8.048,0.435,7.94,0.372,8.098,1.532,5.865,4.71
cap_coal [GW],0.0,0.0,0.0,0.0,0.0,0.0,0.0,0.0,0.0,0.0,0.001,0.0,0.001,0.0,0.0,0.0,0.0,0.001,0.0,0.0,0.001,0.0,0.0,0.0,0.0,0.0,0.0,0.001,0.001,0.0,0.0,0.0,0.0,0.0,0.0,0.001,0.001,0.0,0.001,0.001,0.001,0.0,0.001,0.001,0.0,0.001,0.001,0.0,0.0,0.0,0.001,0.0,0.0,0.0,0.001,0.0,0.0,0.001,0.0,0.001,0.0,0.001,0.001,0.0,0.001,0.0,0.0,0.0,0.0,0.0,0.001,0.0,0.002,0.001,0.0,0.0,0.0,0.0,0.0,0.0,0.0,0.001,0.001,0.0,0.0,0.0,0.0,0.0,0.0,0.0,0.0,0.0,0.0,0.0,0.001,0.0,0.0,0.001,0.0,0.001,0.0,0.001,0.0,0.001,0.001
cap_nuclear [GW],0.0,0.0,0.0,0.0,0.0,0.0,0.0,0.0,0.0,0.0,2.509,2.491,0.005,0.003,0.006,0.002,0.002,0.003,0.003,0.002,2.636,0.0,0.0,5.478,2.618,0.0,0.0,0.009,2.637,2.567,0.0,2.673,0.0,0.0,0.009,0.004,2.636,0.0,5.209,0.016,0.01,0.0,2.582,0.008,0.002,0.011,0.008,2.672,0.003,0.0,2.638,0.0,2.78,0.0,0.012,2.567,2.493,4.96,0.0,0.004,0.0,0.013,0.014,0.015,2.509,0.0,0.0,0.0,2.501,2.566,0.005,0.0,5.476,0.007,0.001,0.004,0.0,0.0,2.673,5.349,0.0,2.503,5.392,2.568,2.678,0.0,0.0,0.002,2.672,2.842,0.0,0.005,0.0,0.0,2.635,2.567,5.481,0.009,2.491,0.007,2.567,0.007,2.612,0.013,0.004
cap_gas_CHP_CC [GW],0.0,0.0,0.0,0.0,0.0,0.0,0.0,0.0,0.0,0.0,0.002,0.0,82.971,83.503,85.858,83.414,81.86,83.511,83.511,83.273,0.001,82.424,0.0,0.0,0.0,0.0,0.0,86.462,0.002,0.0,0.0,0.0,0.0,0.0,86.544,75.731,0.002,0.0,0.002,86.482,85.411,0.0,0.002,86.066,81.875,75.532,86.464,0.0,81.712,0.0,0.002,0.0,0.001,0.0,86.365,0.0,0.001,0.002,0.0,75.714,0.0,86.543,86.545,86.545,0.002,0.0,0.0,0.0,0.001,0.0,75.732,0.0,0.004,86.379,81.36,81.874,0.0,0.0,0.0,0.0,0.0,0.002,0.001,0.0,0.0,0.0,0.0,81.608,0.0,0.0,0.0,86.451,0.0,0.0,0.002,0.0,0.001,75.637,0.0,75.314,0.0,75.689,0.0,86.546,81.874
cap_gas_CHP [GW],0.0,0.0,0.0,0.0,0.0,0.0,0.0,0.0,0.0,0.0,73.694,75.323,63.206,63.364,70.864,63.513,60.405,63.239,63.242,63.591,75.74,62.524,0.0,89.053,70.657,0.0,0.0,70.972,76.266,95.8,0.0,82.256,0.0,0.0,70.191,69.274,75.739,0.0,90.424,70.144,69.138,0.0,94.548,70.913,60.458,69.862,70.979,82.224,60.355,0.0,75.186,0.0,82.169,0.0,69.804,95.815,75.281,90.317,0.0,69.796,0.0,70.162,70.154,70.155,70.724,0.0,0.0,0.0,76.296,95.8,69.272,0.0,88.998,70.86,58.69,60.455,0.0,0.0,82.335,90.495,0.0,75.372,90.073,95.323,82.313,0.0,0.0,59.705,82.221,81.508,0.0,71.124,0.0,0.0,73.882,95.799,89.042,69.955,75.323,69.523,95.787,69.96,66.591,70.161,60.45
cap_biomass_CHP_CC [GW],0.0,0.0,0.0,0.0,0.0,0.0,0.0,0.0,0.0,0.0,0.004,0.001,0.0,0.0,0.0,0.0,0.0,0.0,0.0,0.0,0.609,0.0,0.0,0.001,0.336,0.0,0.0,0.0,0.646,1.841,0.0,0.013,0.0,0.0,0.0,0.0,0.61,0.0,0.006,0.0,0.0,0.0,1.607,0.0,0.0,0.0,0.0,0.013,0.0,0.0,0.574,0.0,0.019,0.0,0.0,1.803,0.001,0.005,0.0,0.0,0.0,0.0,0.0,0.0,0.004,0.0,0.0,0.0,0.002,1.841,0.0,0.0,0.007,0.0,0.0,0.0,0.0,0.0,0.014,0.001,0.0,0.005,0.002,1.721,0.014,0.0,0.0,0.0,0.013,0.02,0.0,0.0,0.0,0.0,0.498,1.84,0.002,0.0,0.0,0.0,1.839,0.0,0.226,0.0,0.0
cap_biomass_CHP [GW],0.0,0.0,0.0,0.0,0.0,0.0,0.0,0.0,0.0,0.0,39.651,39.535,0.0,0.0,0.0,0.0,0.0,0.0,0.0,0.0,36.667,0.0,0.0,38.826,37.058,0.0,0.0,0.0,36.616,35.886,0.0,36.361,0.0,0.0,0.0,0.0,36.665,0.0,38.77,0.0,0.0,0.0,36.229,0.0,0.0,0.0,0.0,36.361,0.0,0.0,36.727,0.0,36.358,0.0,0.0,35.928,39.549,38.804,0.0,0.0,0.0,0.0,0.0,0.0,39.686,0.0,0.0,0.0,39.579,35.886,0.0,0.0,38.821,0.0,0.0,0.0,0.0,0.0,36.351,38.799,0.0,39.559,38.808,36.021,36.346,0.0,0.0,0.0,36.361,36.409,0.0,0.0,0.0,0.0,36.854,35.887,38.823,0.0,39.535,0.0,35.885,0.0,37.178,0.0,0.0
unintended_storage_cycling [%],15.065,0.673,0.017,0.011,0.002,0.078,0.005,34.631,0.011,34.817,0.093,30.286,0.028,0.469,0.108,0.082,0.832,17.966,23.193,0.059,36.782,0.001,41.083,25.392,0.008,0.228,0.077,35.341,0.418,47.869,24.714,1.453,35.069,0.009,37.032,19.844,27.43,0.033,0.599,0.264,0.033,0.021,0.079,0.162,10.975,0.147,27.828,49.651,0.1,0.003,0.186,25.663,0.089,43.703,0.049,0.083,0.813,0.1,0.005,1.373,40.767,4.103,18.746,9.922,0.033,0.003,1.718,0.008,0.151,46.763,33.569,44.499,45.605,0.904,0.005,21.88,15.298,0.019,0.468,0.151,42.351,0.411,0.601,0.026,0.161,35.977,14.382,0.022,41.301,0.007,0.057,7.124,0.015,0.004,0.08,22.979,47.147,0.328,37.708,0.048,0.715,0.795,0.003,27.323,28.888
sector,,,,,,,,,,,T-H-I-B,T-H-I-B,T-H,T-H,T-H,T-H,T-H,T-H,T-H,T-H,T-H-I-B,T-H,,T-H-I-B,T-H-I-B,,,T-H,T-H-I-B,T-H-I-B,,T-H-I-B,,,T-H,T-H,T-H-I-B,,T-H-I-B,T-H,T-H,,T-H-I-B,T-H,T-H,T-H,T-H,T-H-I-B,T-H,,T-H-I-B,,T-H-I-B,,T-H,T-H-I-B,T-H-I-B,T-H-I-B,,T-H,,T-H,T-H,T-H,T-H-I-B,,,,T-H-I-B,T-H-I-B,T-H,,T-H-I-B,T-H,T-H,T-H,,,T-H-I-B,T-H-I-B,,T-H-I-B,T-H-I-B,T-H-I-B,T-H-I-B,,,T-H,T-H-I-B,T-H-I-B,,T-H,,,T-H-I-B,T-H-I-B,T-H-I-B,T-H,T-H-I-B,T-H,T-H-I-B,T-H,T-H-I-B,T-H,T-H
AL0 0 X Store,43.434,176.999,1468.678,51.668,211.723,40.435,50.555,44.544,26.16,24.492,334.189,34.47,186.61,49.45,206.242,74.893,125.385,34.717,28.977,139.488,24.412,1158.718,30.277,42.295,161.976,18.367,302.554,27.553,49.941,30.217,73.409,65.442,18.288,40.922,24.148,39.869,32.571,48.534,205.55,262.343,810.945,89.787,762.86,88.991,71.613,273.936,37.81,24.047,164.036,419.441,73.3,17.73,278.265,19.722,1279.408,93.085,68.806,842.493,210.673,53.346,32.645,138.471,59.038,105.804,1450.219,761.829,132.296,98.168,191.038,38.949,26.229,18.251,23.518,78.174,1213.427,41.406,40.336,77.617,100.692,85.108,16.162,133.857,72.663,166.801,154.536,39.361,18.375,278.729,33.649,1491.398,35.877,54.134,105.534,374.665,109.757,65.224,20.167,177.59,31.937,945.964,83.353,91.04,1065.714,33.277,25.588
AT0 0 X Store,47.203,56.499,288.465,18.852,45.4,40.382,41.617,20.902,18.265,31.351,17.302,15.208,50.993,15.286,58.645,26.003,32.313,9.171,7.247,38.585,11.958,213.556,18.773,19.819,66.482,18.267,96.681,7.928,25.482,15.613,26.931,39.747,18.3,40.425,8.507,3.255,17.407,45.879,73.268,86.031,295.837,60.395,361.951,43.155,24.445,19.591,11.425,19.518,38.314,72.08,37.872,18.251,86.935,28.309,394.533,48.654,15.197,279.28,105.35,4.805,38.417,47.204,20.291,36.105,50.399,310.838,41.719,19.699,15.658,17.584,3.041,18.26,15.281,41.569,191.099,19.742,40.121,65.984,56.366,42.162,18.25,15.255,33.101,77.797,66.901,39.86,19.05,47.763,24.746,377.288,36.45,22.625,76.56,57.287,42.021,26.882,15.225,12.658,15.184,64.1,40.175,8.859,372.692,11.407,14.769
BA0 0 X Store,46.592,196.556,1672.357,29.519,331.542,40.486,72.56,47.111,18.347,25.112,297.052,30.778,287.205,75.14,241.888,111.378,143.814,43.68,32.691,227.136,26.027,1984.695,31.862,51.775,189.819,18.273,338.318,27.764,60.049,27.916,77.797,60.981,18.304,44.599,26.179,44.185,35.88,49.963,249.938,306.507,942.422,99.593,891.117,99.463,78.72,328.534,37.752,24.079,187.902,481.072,84.919,18.253,268.12,20.435,1506.408,100.81,59.259,1046.165,236.093,59.691,34.252,159.591,67.088,122.886,1266.429,839.959,144.762,63.258,165.734,35.623,27.561,18.25,24.732,88.929,1516.578,44.463,39.9,85.659,94.377,103.062,18.314,114.909,86.601,183.335,146.148,39.421,18.38,331.879,32.743,1460.272,36.556,55.37,118.252,259.463,125.902,55.897,20.545,216.792,28.472,1117.067,88.94,103.561,1263.26,36.204,27.327
BE0 0 X Store,43.712,46.828,158.902,18.842,43.56,40.343,42.218,20.265,18.283,32.225,17.44,15.193,50.805,14.458,44.827,30.951,41.955,7.7,6.796,44.065,7.601,186.972,18.743,19.49,39.889,18.323,75.308,5.01,20.208,15.166,24.769,28.999,18.336,40.361,16.147,4.151,12.884,41.944,63.769,139.219,130.882,51.382,94.333,36.917,40.434,13.23,6.673,11.88,43.539,73.859,28.126,18.27,36.209,29.285,629.241,31.392,15.193,143.197,80.351,4.746,38.486,79.27,36.539,61.681,19.491,250.946,37.704,18.995,16.729,15.286,3.507,18.268,18.728,27.917,141.761,27.659,40.158,55.402,33.658,38.334,18.249,15.499,27.999,42.399,34.42,40.027,19.323,47.709,16.397,77.821,34.386,12.774,64.647,18.946,35.463,16.102,18.204,9.929,15.186,28.016,25.483,7.047,42.192,21.464,18.337
BG0 0 X Store,44.267,191.849,1589.053,66.931,258.558,40.432,59.303,48.472,41.554,24.412,180.739,21.116,154.218,49.368,210.087,65.467,81.77,35.174,30.584,110.134,28.359,900.072,32.093,46.162,106.593,22.091,327.884,27.384,51.914,28.588,79.647,57.875,18.287,41.172,23.445,39.56,40.301,47.285,210.429,241.889,846.161,90.198,959.174,94.668,46.244,274.237,37.152,24.328,109.897,438.418,56.667,16.824,238.695,19.576,1172.528,113.316,37.567,864.147,219.671,52.762,33.407,127.645,54.397,97.505,745.877,786.835,142.593,130.428,97.73,36.626,26.43,18.247,23.037,82.892,877.378,26.752,40.325,79.733,88.096,90.555,12.288,73.194,76.786,209.175,133.439,39.45,18.392,189.286,31.709,1255.628,35.35,63.482,109.954,532.174,68.523,60.546,19.172,176.982,18.973,947.01,100.119,90.079,618.296,31.381,16.987
CH0 0 X Store,45.504,49.593,262.63,18.416,46.123,40.354,42.219,20.631,18.272,32.034,36.211,15.203,75.914,21.586,108.613,32.243,66.993,13.603,9.633,57.272,7.366,434.937,18.524,26.292,61.045,18.266,86.332,12.894,15.688,15.361,27.014,41.077,18.315,40.401,15.823,8.856,12.068,40.174,134.857,166.066,497.133,54.363,616.506,51.197,42.472,62.063,18.257,16.083,88.417,79.588,21.822,18.261,150.305,28.006,760.54,62.228,15.18,516.507,96.152,12.192,38.973,88.759,39.401,67.145,194.972,311.462,39.433,18.938,15.471,18.003,5.784,18.265,15.557,47.998,643.24,27.074,40.121,60.899,57.813,58.419,18.243,15.194,47.766,110.896,88.353,39.923,19.025,138.218,23.514,797.965,35.584,35.081,71.691,31.231,30.245,30.98,15.178,37.996,15.177,198.0,52.154,21.719,385.056,21.62,20.675
CZ0 0 X Store,44.4,58.04,601.421,18.913,213.479,40.194,40.729,21.09,18.278,30.826,55.258,15.303,98.732,26.316,122.102,41.55,37.439,15.428,12.081,71.299,15.136,550.199,18.687,25.232,57.9,18.266,113.21,13.09,28.08,15.814,27.684,36.624,18.301,40.319,9.941,8.826,18.875,48.37,90.233,110.759,545.464,77.631,442.707,53.016,25.303,63.849,17.795,19.268,50.112,308.625,46.236,18.258,81.702,25.348,538.747,53.242,16.174,365.341,166.143,11.22,37.113,58.856,23.859,43.753,229.995,573.037,42.295,28.748,29.9,17.522,5.903,18.255,19.074,48.35,361.306,19.898,40.069,65.671,46.217,48.099,18.238,21.372,40.36,83.856,55.835,39.714,18.593,76.673,26.58,381.494,38.116,34.248,85.25,115.14,48.341,25.084,18.049,39.559,15.175,217.918,44.033,22.494,202.911,13.162,14.712
DE0 0 X Store,46.838,46.428,145.86,18.846,43.107,40.324,42.216,20.621,18.311,32.673,17.474,15.19,65.316,14.948,27.903,31.353,32.531,9.289,6.86,45.976,7.78,234.517,19.021,18.83,52.705,18.314,70.832,3.623,23.209,15.108,26.695,29.086,18.307,40.363,12.14,4.14,12.205,43.712,40.837,121.692,119.99,57.235,37.82,18.051,25.462,29.478,4.47,12.37,38.428,104.119,29.196,18.29,35.342,29.12,566.889,17.483,15.197,57.286,80.356,5.994,38.973,67.079,28.437,49.881,33.999,154.098,39.4,19.04,15.568,15.213,3.432,18.263,18.59,14.561,227.04,17.416,40.142,61.405,30.217,22.972,18.25,15.255,19.767,22.606,33.01,40.006,19.22,51.439,17.397,99.296,37.337,8.884,70.108,19.499,33.449,15.291,18.194,17.26,15.184,104.272,15.505,11.38,53.027,15.856,13.36
DK0 0 X Store,43.868,35.28,106.794,18.884,106.947,31.876,42.08,19.494,18.805,32.117,15.515,15.193,71.727,19.271,27.877,50.353,38.359,10.297,8.152,62.955,27.56,94.955,18.757,31.146,105.4,18.265,36.989,3.661,50.514,9.11,22.12,41.373,18.377,33.007,14.748,3.34,39.638,28.273,154.703,55.427,77.98,41.811,107.058,17.831,28.313,26.204,4.452,17.165,38.516,77.045,60.951,18.268,130.707,28.778,89.898,20.653,15.22,631.53,80.991,5.578,25.503,41.755,30.766,40.735,30.665,97.664,31.89,26.048,15.253,9.141,3.097,18.286,17.731,14.92,44.702,19.688,27.851,55.063,62.006,67.682,18.283,15.252,59.29,31.08,85.05,27.48,18.789,42.517,23.832,602.685,24.472,8.894,66.049,30.924,68.969,9.467,13.888,18.752,15.184,44.407,16.824,14.613,581.23,19.361,14.776
DK3 0 X Store,41.263,30.188,271.828,18.86,1342.012,127.436,309.705,18.773,18.318,30.72,72.371,10.322,44.339,8.556,27.483,15.887,8.815,3.805,3.228,22.989,3.197,46.726,18.353,10.847,18.82,18.283,53.144,3.728,9.623,7.183,20.115,39.748,34.936,185.621,5.776,3.013,5.367,112.485,45.812,30.098,88.885,198.365,220.542,18.041,5.92,3.904,4.463,15.807,9.723,726.07,13.368,18.295,128.848,23.191,32.067,36.141,16.299,171.439,126.76,3.025,33.46,26.909,15.736,24.438,385.583,440.884,24.287,19.055,42.075,8.981,3.015,24.318,9.688,16.151,14.783,5.485,66.596,63.325,59.82,22.611,18.276,28.11,18.83,47.549,88.448,41.675,52.92,12.946,20.644,689.341,83.396,9.23,79.154,24.935,14.369,14.228,9.146,3.44,10.07,14.383,28.282,3.028,40.125,8.416,4.982
EE6 0 X Store,39.686,20.383,39.193,18.868,51.268,15.199,15.604,18.588,18.267,22.969,34.075,6.235,54.181,14.779,101.017,24.384,15.178,7.102,4.993,30.313,6.094,60.262,18.231,14.232,36.63,18.266,27.317,11.317,9.417,17.889,19.065,27.538,31.976,15.206,25.848,11.696,6.298,110.813,57.654,167.382,375.952,190.512,56.014,57.184,11.468,63.846,14.457,11.037,20.214,693.311,12.47,18.262,27.687,16.965,675.184,32.908,7.044,209.413,62.317,19.318,15.222,104.491,60.157,88.404,120.79,64.318,19.562,19.471,22.318,24.868,8.839,22.938,10.725,48.682,87.721,9.489,15.201,49.923,27.698,33.617,18.256,19.351,25.606,33.054,27.691,15.22,49.449,29.479,17.466,28.263,78.532,28.784,53.098,32.307,18.777,28.107,9.804,46.754,6.097,154.338,32.803,32.758,42.114,36.527,9.167
ES0 0 X Store,49.679,77.15,432.873,137.822,289.12,35.809,70.173,50.249,115.795,34.992,15.801,15.188,174.367,64.953,166.796,71.203,58.69,45.232,34.906,119.059,27.976,1054.919,33.693,39.985,176.465,68.459,110.549,27.943,63.291,16.615,64.73,63.319,34.534,37.037,27.105,46.214,39.062,110.33,97.429,274.986,541.649,169.082,557.321,92.311,42.982,131.193,38.415,29.447,81.349,592.479,86.669,41.301,90.575,26.646,1272.617,65.005,15.193,346.406,200.114,63.065,33.538,150.158,69.152,119.512,62.48,831.767,68.163,234.927,15.199,21.216,29.215,25.761,33.486,88.525,566.958,39.739,35.348,84.9,66.77,48.281,25.715,15.194,43.718,114.965,69.349,34.346,53.898,124.96,44.707,380.632,84.173,68.0,110.743,1108.121,115.523,35.525,29.089,98.778,15.183,419.389,53.201,74.554,997.938,37.668,32.406
ES2 0 X Store,46.115,70.55,133.668,124.997,183.876,40.051,65.399,44.167,107.084,32.449,15.543,15.199,137.215,63.664,142.92,66.357,45.767,41.64,32.392,94.023,26.31,707.562,31.214,40.356,150.437,67.678,94.909,27.998,56.43,17.86,58.799,62.41,36.282,40.257,26.804,46.218,35.084,89.098,45.04,200.544,449.208,145.516,548.829,85.811,41.742,110.156,37.864,27.537,63.471,334.397,78.382,40.107,108.112,25.918,892.386,67.399,15.202,88.119,160.321,62.394,36.407,119.482,65.623,98.351,17.684,631.714,62.665,200.157,15.426,22.362,29.858,26.191,37.319,84.43,273.059,40.009,39.844,75.426,78.253,41.817,25.861,15.207,41.548,122.48,88.484,39.216,48.762,78.8,38.463,406.55,67.919,62.537,92.541,875.837,102.144,34.908,29.843,86.169,15.187,278.768,60.878,73.145,773.982,36.779,32.74
FI3 0 X Store,26.474,22.958,177.763,19.159,109.373,15.803,17.162,18.032,18.287,14.005,7.368,6.057,3.217,3.131,29.292,3.202,6.038,3.121,3.076,3.18,3.965,3.475,18.035,11.712,24.623,18.268,37.292,3.574,9.812,11.883,18.029,30.99,12.131,16.469,13.182,14.927,8.507,12.138,48.079,142.962,138.791,12.153,33.154,15.317,6.038,43.711,4.002,10.612,6.14,27.055,13.848,18.251,33.138,10.933,710.074,28.758,6.038,52.625,93.016,15.153,15.142,68.421,30.985,53.985,10.249,339.977,19.707,35.172,6.475,14.708,10.591,12.12,10.501,12.157,7.086,6.03,15.232,36.909,31.582,24.437,17.996,6.055,20.025,32.604,31.652,15.066,12.146,6.449,17.896,37.18,12.137,7.272,48.243,128.163,24.423,28.112,9.408,27.044,6.054,155.643,28.793,17.101,32.715,19.35,5.521
FR0 0 X Store,44.289,47.314,196.559,18.848,49.337,40.35,42.219,20.099,18.281,33.038,16.453,15.775,78.215,20.464,64.247,33.512,42.524,12.568,9.103,55.294,7.924,410.635,18.6,15.982,41.197,18.282,72.994,11.408,17.093,15.178,24.654,11.051,18.312,40.735,17.277,6.209,12.93,43.923,55.397,165.486,313.846,58.346,199.441,45.919,41.518,24.933,15.583,7.073,48.437,115.073,22.682,18.273,20.672,29.462,785.47,43.461,15.208,190.644,94.787,9.004,38.825,91.901,42.421,72.189,16.862,348.875,37.875,19.044,15.724,15.444,4.151,18.265,15.272,45.556,189.046,38.433,40.149,57.237,14.557,28.306,18.249,15.437,21.919,59.978,18.377,39.991,19.219,55.329,8.258,49.777,38.389,31.118,69.328,27.703,25.192,20.753,15.206,20.767,15.195,67.625,34.169,14.82,222.748,23.42,24.395
GB4 0 X Store,36.972,41.011,131.961,32.273,59.988,40.16,46.051,20.15,29.821,31.591,21.796,9.075,51.803,15.764,35.425,32.303,33.646,6.324,3.781,41.071,6.325,61.542,18.733,49.934,38.426,22.694,60.119,3.15,11.114,3.038,20.755,10.085,16.449,40.665,16.755,7.849,8.027,53.207,57.852,77.711,87.447,66.389,50.632,28.506,18.686,43.705,3.167,6.041,36.884,80.122,26.427,18.245,19.913,30.177,89.774,19.488,9.113,74.637,64.485,13.062,33.21,62.965,45.511,58.017,32.491,90.289,26.3,32.556,17.218,3.025,4.882,15.244,29.716,28.503,58.51,18.643,40.156,40.456,13.125,56.916,18.057,15.372,55.412,33.228,16.014,39.793,18.497,46.709,6.048,22.218,38.056,5.962,46.098,37.128,36.621,3.027,21.186,38.072,9.075,56.898,9.103,31.425,51.018,23.23,14.301
GB5 0 X Store,40.14,59.771,136.539,18.806,48.357,40.327,45.267,20.235,18.805,31.718,33.43,15.197,34.507,6.127,46.327,11.333,43.897,6.122,5.001,20.586,4.207,54.429,18.952,6.048,22.216,18.265,76.23,5.706,6.139,3.381,25.671,6.114,18.368,40.327,15.869,3.014,6.125,43.277,7.739,78.21,99.781,52.65,69.345,43.885,43.903,20.836,7.267,5.797,44.068,83.492,10.35,18.275,16.986,30.327,94.602,28.505,15.195,31.859,72.568,3.013,37.789,74.784,39.33,61.556,52.021,91.624,46.34,19.476,16.788,3.905,3.016,18.278,6.034,33.656,65.77,38.302,40.132,45.064,4.434,7.515,18.255,15.444,7.799,41.368,7.048,39.962,18.88,50.224,6.037,24.771,36.603,12.151,53.792,27.778,14.725,7.87,4.209,9.68,15.191,42.102,19.68,4.46,29.823,23.314,22.877
GR0 0 X Store,41.255,162.103,1324.201,148.939,129.681,40.386,44.062,43.766,120.098,25.295,89.765,17.218,89.063,39.484,167.076,49.511,44.732,31.944,24.722,64.698,24.976,459.892,29.896,40.525,104.657,71.875,276.069,27.329,41.133,30.186,70.221,59.42,18.309,40.589,23.943,37.667,31.064,36.908,188.214,207.117,669.173,52.454,741.832,82.991,26.721,249.61,36.97,22.008,59.037,112.917,51.717,45.281,247.756,20.247,943.073,92.859,20.608,749.489,179.191,51.115,32.404,119.822,55.662,95.399,358.32,630.549,119.96,258.955,46.806,38.85,25.379,18.261,22.948,73.369,366.191,15.746,40.293,65.742,92.097,83.384,28.348,39.59,70.886,163.739,137.884,39.46,18.905,85.147,30.792,1288.467,32.965,62.591,91.765,1205.756,62.713,64.434,19.027,162.805,15.585,867.509,82.478,86.553,581.759,32.216,10.433
HR0 0 X Store,45.721,187.295,1593.647,22.726,314.12,40.824,70.547,46.116,18.286,24.816,261.311,28.741,267.464,72.951,249.494,105.561,138.964,45.412,33.819,201.454,26.027,1731.692,31.473,52.135,171.883,18.285,321.255,27.213,59.031,28.262,74.783,61.089,18.295,44.645,26.104,43.927,36.772,49.642,249.482,305.97,971.669,98.195,1045.395,104.663,76.682,328.739,36.415,24.492,182.031,477.966,79.065,18.261,271.686,20.27,1508.546,110.03,53.887,1047.207,231.653,59.37,33.359,159.289,66.889,122.66,1098.057,814.769,137.64,48.967,145.972,35.559,27.397,18.246,25.121,93.067,1433.187,43.533,40.189,83.618,94.463,102.897,18.264,102.611,86.653,208.237,146.837,39.051,18.288,317.712,32.941,1473.156,36.0,56.852,115.163,194.495,113.138,55.939,20.721,216.816,26.413,1117.325,97.152,103.172,1094.663,36.219,26.879
HU0 0 X Store,45.778,148.918,1323.288,18.979,291.865,40.505,61.793,36.136,18.279,26.122,144.089,16.675,227.838,59.135,186.906,89.212,87.142,35.346,26.338,173.239,19.453,1455.758,24.831,47.808,161.725,18.229,260.924,19.807,48.676,21.062,59.797,53.648,18.291,41.993,19.226,25.517,28.246,50.185,234.812,228.711,774.599,96.168,941.307,79.791,48.848,192.171,27.581,23.623,117.788,461.51,71.835,18.125,230.558,22.822,1132.43,92.715,27.684,984.931,223.347,34.445,34.991,119.106,49.203,91.583,619.481,784.041,108.225,32.362,74.102,27.013,16.129,18.252,23.074,70.818,938.821,29.888,40.124,79.927,80.773,95.823,18.404,54.276,81.494,181.787,124.239,39.523,18.439,202.812,32.549,1256.64,36.936,44.722,109.387,129.462,107.898,45.933,18.588,121.619,15.497,669.289,79.734,63.174,1046.065,26.498,19.823
IE4 0 X Store,36.996,33.942,133.106,33.493,47.91,40.159,43.694,20.0,31.467,31.895,17.509,9.078,40.271,16.619,44.016,23.814,38.81,6.322,3.719,30.756,8.899,48.421,18.73,56.691,38.305,22.719,55.83,3.155,18.823,3.706,21.363,18.248,16.311,40.665,16.005,8.07,12.343,53.922,63.182,79.218,86.428,69.421,59.469,28.506,18.684,41.809,3.417,6.626,40.886,85.502,32.321,18.317,26.842,30.306,94.097,51.427,10.895,71.375,67.553,14.934,35.205,62.124,44.554,58.725,21.247,94.518,24.277,37.107,14.141,5.134,5.031,15.164,33.453,28.504,42.434,18.656,40.134,45.544,21.081,61.809,18.083,13.912,61.551,54.976,20.016,39.72,18.648,33.99,13.067,38.042,44.142,3.609,55.682,89.868,34.773,14.007,24.467,45.397,9.08,54.585,21.756,33.12,49.841,21.824,14.197
IT0 0 X Store,43.513,59.608,525.111,18.893,178.738,40.593,55.5,22.961,18.283,32.833,109.202,15.224,232.839,63.856,142.665,94.768,76.056,39.065,29.629,176.947,27.016,1452.657,18.716,31.193,123.85,18.266,102.842,26.852,67.652,19.13,32.043,65.355,18.45,41.348,25.323,41.017,40.256,45.578,124.595,236.779,527.903,75.788,507.138,79.502,52.42,218.062,36.565,22.985,96.269,207.865,72.562,18.257,84.886,26.265,1077.832,74.436,19.414,467.828,127.345,55.399,36.599,132.519,60.733,104.294,459.656,513.203,48.059,20.695,61.105,26.637,26.995,18.271,18.654,70.693,622.154,36.928,39.93,54.805,70.626,63.354,18.241,38.48,52.541,115.622,72.465,39.755,19.141,147.458,32.546,346.846,36.115,63.016,70.898,80.841,83.428,55.455,17.506,149.921,15.216,750.499,69.352,89.789,598.433,34.601,26.747
IT1 0 X Store,42.682,43.394,172.675,18.856,90.486,40.25,46.878,22.224,18.266,30.929,100.435,15.189,191.774,60.566,119.41,85.21,62.062,37.452,28.655,145.036,28.718,984.59,18.818,26.16,115.47,18.244,65.827,26.664,45.587,19.744,29.101,58.98,18.372,40.452,27.054,40.284,40.349,39.038,110.407,165.118,388.24,59.916,443.877,73.529,45.741,217.805,36.189,21.808,76.662,97.367,56.256,18.177,91.79,24.774,694.846,66.519,19.911,427.727,85.118,53.38,33.94,100.563,56.85,81.072,396.792,324.29,37.593,18.983,52.838,25.804,26.71,18.266,19.074,69.244,358.739,37.146,40.018,46.698,62.354,49.395,17.939,35.615,44.462,100.488,68.099,39.525,19.578,108.973,33.098,396.091,34.762,62.345,56.267,23.874,71.216,55.39,18.224,145.181,15.191,725.178,65.831,85.908,687.257,36.771,27.168
LT6 0 X Store,39.365,21.4,49.225,18.876,137.93,15.206,16.117,18.603,18.286,21.185,3.21,3.054,43.877,11.762,127.729,18.949,14.357,6.415,4.769,20.018,6.086,139.082,18.23,11.717,32.989,18.266,30.534,11.126,9.424,13.416,19.12,27.389,33.057,15.192,24.674,13.165,6.454,129.041,69.24,220.951,504.518,232.435,57.392,56.734,10.352,88.513,14.064,11.147,22.7,899.389,11.628,18.261,27.698,16.36,1015.2,32.334,3.104,331.994,65.799,20.529,15.209,120.012,60.548,95.263,15.863,137.613,20.005,19.58,3.131,18.645,9.736,23.128,10.249,46.453,187.877,9.442,15.234,51.164,27.684,29.289,18.254,3.138,20.415,32.964,27.733,15.217,51.444,39.496,17.581,33.558,90.574,27.736,56.04,50.56,19.139,27.43,9.327,59.566,3.023,297.624,29.645,35.986,49.016,35.406,9.034
LU0 0 X Store,40.64,47.102,89.592,18.806,42.395,40.186,40.327,20.963,18.805,31.567,17.548,15.191,79.52,27.581,56.31,49.637,35.584,17.632,12.754,67.932,12.695,302.596,18.875,18.937,47.183,18.265,58.019,12.631,27.504,15.144,27.384,30.677,18.337,40.327,15.548,7.495,16.053,42.726,47.252,62.155,206.236,58.388,45.39,45.089,27.024,46.418,16.47,14.447,41.406,84.349,38.061,18.272,41.361,27.751,232.951,26.787,15.191,62.898,69.161,11.364,38.051,43.798,27.381,36.707,25.035,87.575,40.566,18.885,15.439,15.267,5.186,18.259,18.578,44.737,150.028,21.374,40.113,52.504,35.34,30.025,18.254,15.272,22.363,25.474,35.442,39.811,19.117,45.042,19.814,94.341,36.147,31.46,57.212,20.597,41.012,15.399,17.97,29.915,15.184,141.161,22.438,19.456,56.391,19.829,15.08
LV6 0 X Store,39.279,21.325,49.098,18.878,126.766,15.207,16.014,18.632,18.284,21.72,5.36,3.061,46.743,12.646,124.04,20.365,14.322,6.69,4.875,23.025,6.095,87.026,18.236,12.045,39.195,18.266,30.256,11.19,9.429,13.739,19.117,27.417,32.835,15.201,24.688,13.514,6.466,128.251,60.639,220.75,486.01,226.852,33.951,56.71,10.618,78.149,14.198,11.558,21.467,873.399,12.928,18.262,27.687,16.496,1009.758,32.468,3.082,240.401,65.502,21.463,15.212,119.631,60.539,95.075,14.636,114.133,19.955,19.507,4.81,19.357,9.955,22.944,10.346,46.834,174.695,9.404,15.237,50.491,27.643,31.078,18.257,5.205,21.762,32.85,27.687,15.223,51.985,37.124,18.234,27.686,89.92,28.007,55.306,48.031,20.536,27.438,9.488,56.214,3.024,244.092,29.734,35.977,47.201,35.312,9.075
ME0 0 X Store,45.737,187.121,1583.456,32.015,259.578,40.424,58.134,45.397,18.493,25.089,270.701,29.624,235.574,62.619,214.704,92.989,125.544,39.938,31.877,177.833,25.44,1522.56,30.862,47.337,183.301,18.265,322.726,27.714,58.874,27.943,74.836,61.111,18.295,41.16,24.737,43.024,36.095,48.708,220.439,285.632,843.229,94.356,879.868,93.385,70.134,309.971,37.669,23.333,166.991,447.716,83.229,18.252,265.514,20.436,1412.638,106.479,55.456,916.626,226.939,58.12,32.92,149.378,62.982,114.922,1143.77,817.332,138.434,71.587,151.376,36.055,26.974,18.254,23.716,82.465,1321.619,40.524,40.136,83.137,95.613,93.737,17.649,106.849,78.614,189.894,147.742,39.343,18.384,290.88,31.712,1448.413,35.978,54.444,114.543,320.423,120.659,57.786,20.012,203.38,26.988,1058.42,94.182,99.449,1194.674,34.196,25.209
MK0 0 X Store,45.399,190.97,1597.185,18.946,256.721,40.425,57.968,46.552,18.269,24.849,126.559,18.583,134.362,50.21,207.747,58.333,80.772,38.251,30.377,96.247,25.769,773.534,31.504,47.09,111.493,18.324,326.63,27.464,37.394,29.447,77.173,55.233,18.289,40.946,22.199,38.834,30.951,48.902,224.12,235.187,825.702,95.335,872.343,91.305,45.319,270.704,37.377,22.471,107.641,452.625,51.387,18.138,238.145,19.983,1127.514,103.01,25.974,918.997,225.606,51.883,33.402,124.885,53.565,94.06,478.223,804.83,141.688,33.683,66.471,37.828,25.948,18.246,23.662,80.15,870.568,26.479,40.307,82.35,86.446,94.461,12.885,50.916,80.571,187.558,133.701,39.463,18.392,187.316,29.782,1264.315,36.42,54.523,113.233,123.008,66.071,62.99,20.18,173.936,18.251,929.045,91.948,88.626,672.91,30.268,17.125
NL0 0 X Store,42.188,51.237,158.25,18.831,42.218,40.321,41.848,20.86,18.335,32.215,15.775,15.191,62.513,16.899,44.809,31.661,42.084,9.917,9.131,47.287,8.413,77.222,19.207,18.601,45.371,18.268,80.624,4.738,21.961,15.125,26.807,28.058,18.355,40.327,13.9,3.039,12.781,40.996,21.11,81.398,45.184,46.146,40.951,40.68,34.72,11.848,6.659,10.47,44.029,56.052,27.941,18.274,31.475,28.605,141.024,18.416,15.198,55.906,75.229,3.633,38.872,60.351,34.833,55.172,17.179,91.291,40.931,18.938,15.538,15.257,3.03,18.275,18.49,22.73,48.023,24.689,40.151,53.787,28.437,19.121,18.251,15.253,18.894,36.303,31.475,40.039,19.376,46.921,15.904,51.26,34.648,12.759,62.093,18.884,35.358,15.218,18.161,8.95,15.213,21.963,15.189,5.636,61.879,18.926,16.254
NO3 0 X Store,66.856,209.897,1847.631,170.063,1961.591,146.999,395.236,50.351,140.371,33.402,379.569,33.552,302.915,77.75,386.426,116.097,157.732,45.456,33.762,238.743,25.591,2159.725,32.767,67.853,241.095,81.452,362.2,26.197,71.469,27.968,82.192,67.417,43.632,215.664,26.013,44.093,36.646,179.106,363.396,325.231,1416.573,365.733,1635.64,137.109,83.07,333.85,35.56,24.399,199.175,1841.413,105.41,48.16,324.133,24.89,1642.192,160.593,67.861,1552.803,355.481,58.925,33.317,165.975,67.807,127.883,1760.193,1386.396,153.714,306.615,210.282,35.735,27.442,31.696,28.773,125.688,1674.959,46.901,67.548,126.453,104.901,134.625,28.193,141.407,111.518,316.639,166.979,40.891,68.598,362.461,34.857,1819.76,141.259,69.425,178.166,1575.347,169.883,74.309,23.107,219.815,32.703,1139.56,145.871,102.471,1915.136,35.892,28.186
PL0 0 X Store,50.706,35.337,95.44,18.842,39.843,40.121,40.812,19.538,18.305,32.46,22.198,15.216,46.028,14.316,8.129,23.89,25.658,7.017,5.008,24.15,8.771,62.605,18.611,15.96,54.251,18.267,52.649,6.035,19.395,7.304,23.306,26.939,18.355,37.391,10.589,3.032,12.441,41.367,19.043,62.391,9.273,50.372,56.383,6.047,20.057,7.278,6.035,11.948,31.299,59.81,29.07,18.264,35.217,25.132,181.035,19.638,15.256,60.247,101.686,3.207,36.575,44.971,23.87,36.699,36.127,127.142,30.242,19.353,17.429,11.644,3.035,18.272,15.161,6.039,132.141,13.167,37.18,66.63,31.118,16.304,18.252,16.909,16.311,28.754,32.353,37.001,18.99,41.542,15.375,36.772,33.729,6.038,83.401,19.122,41.246,15.389,12.112,6.724,15.191,11.381,16.376,4.382,60.72,13.75,10.004
PT0 0 X Store,50.846,78.04,456.769,140.062,288.044,35.782,69.975,50.37,117.276,35.364,16.281,15.188,176.272,64.995,167.952,71.532,61.041,45.569,35.144,120.731,28.08,1058.466,33.884,40.002,176.795,68.938,108.852,28.011,63.185,16.441,64.713,63.204,34.68,37.057,27.924,47.008,39.031,111.965,101.707,263.46,553.697,170.203,581.245,93.281,43.755,142.2,38.493,29.53,82.293,606.697,85.656,42.707,99.554,27.19,1203.548,65.619,15.193,353.238,216.385,63.335,33.505,146.632,69.643,117.89,69.752,891.269,67.859,241.61,15.199,21.086,29.59,25.432,33.567,88.611,622.629,39.501,35.321,87.785,66.792,49.546,25.709,15.194,44.83,118.537,71.866,34.2,54.141,137.351,44.652,437.425,84.751,68.356,113.756,1131.164,115.402,35.236,29.472,101.933,15.182,473.363,54.076,74.045,993.145,38.891,32.55
RO0 0 X Store,43.422,187.655,1535.51,59.453,267.62,40.448,59.875,47.984,35.458,24.036,210.228,23.361,176.223,50.829,243.597,71.411,87.558,37.205,30.703,128.378,26.994,1056.001,32.141,46.023,131.284,19.113,318.169,27.705,54.677,29.058,78.352,59.879,18.286,41.196,23.714,40.264,38.298,47.036,212.868,243.021,961.508,88.142,1036.585,100.682,48.19,282.609,37.668,24.914,116.511,425.649,63.005,13.633,256.639,19.15,1193.019,115.583,42.468,878.473,214.196,53.574,33.594,128.751,54.702,97.446,877.307,776.497,140.541,113.353,112.595,36.739,26.777,18.247,23.882,89.054,949.337,27.868,40.301,77.646,90.772,90.027,11.856,82.917,76.857,216.239,139.401,39.587,18.378,205.384,32.93,1367.086,34.518,54.222,106.505,467.313,82.681,58.606,20.283,184.739,20.712,971.977,101.227,91.998,807.414,31.616,17.499
RS0 0 X Store,45.608,191.951,1616.646,36.863,282.861,40.457,63.428,47.141,19.238,24.992,211.719,23.926,159.922,46.451,239.665,65.26,101.283,35.802,29.011,119.27,25.689,972.287,31.451,50.933,150.634,18.253,329.513,27.53,53.917,28.896,77.751,61.191,18.29,41.651,23.489,37.097,35.349,49.443,241.788,273.86,949.201,97.688,1114.039,101.509,55.857,262.15,37.271,24.665,134.732,466.438,69.725,18.246,266.331,20.173,1342.3,125.203,43.317,993.876,228.137,49.582,33.746,143.328,59.702,109.826,875.493,819.431,141.941,78.372,115.672,36.673,25.138,18.247,24.642,89.722,1056.97,32.039,40.341,82.879,93.762,100.849,17.325,83.784,85.467,238.387,145.271,39.462,18.376,233.392,32.851,1441.438,36.624,55.64,114.34,304.587,95.703,61.964,20.529,168.392,21.319,901.925,111.37,84.729,924.101,32.409,19.988
SE3 0 X Store,50.138,58.527,580.773,18.96,1966.215,148.687,402.398,19.068,18.302,32.639,366.541,36.537,32.303,6.369,29.104,11.086,40.976,3.286,3.189,15.006,3.135,205.321,18.273,54.337,13.068,18.268,114.778,3.499,6.761,10.243,25.402,64.138,36.867,216.23,20.37,33.39,4.53,155.88,251.8,175.933,130.513,319.976,479.013,15.088,24.251,242.3,3.941,23.443,62.514,1484.041,9.539,18.257,280.485,25.161,915.21,53.091,72.149,1052.207,251.438,45.024,33.435,85.061,37.527,68.168,1624.555,1007.667,40.674,27.814,207.507,12.051,20.754,26.511,26.31,12.383,550.465,14.187,67.824,87.19,98.888,95.738,18.241,143.109,80.164,94.915,147.674,41.327,57.778,116.806,33.775,1490.468,112.662,7.306,123.534,97.828,9.77,24.7,20.284,158.144,34.386,835.299,46.666,77.657,39.635,24.531,9.191
SI0 0 X Store,45.982,183.223,1544.511,22.581,295.561,40.673,72.452,46.009,18.255,24.452,234.667,28.512,188.387,59.552,166.02,76.289,110.022,42.75,32.217,135.86,26.537,1164.262,30.962,41.132,145.018,18.29,315.59,25.592,57.168,29.384,75.462,58.295,17.739,48.699,24.619,39.124,37.54,49.618,193.039,246.725,636.957,91.356,892.955,79.977,66.192,248.815,34.638,23.42,144.367,429.188,68.588,18.23,250.907,19.332,1185.419,99.483,53.137,821.065,219.11,51.74,31.632,130.587,56.951,100.075,974.357,813.963,136.686,47.536,131.804,37.19,25.746,17.593,22.683,71.869,1067.907,39.876,39.752,79.424,92.194,81.369,17.935,96.384,69.508,188.752,142.303,38.562,18.181,241.108,31.284,1339.269,35.367,53.242,110.025,186.878,93.11,55.576,19.609,155.868,26.034,879.066,87.702,84.779,901.212,32.786,25.475
SK0 0 X Store,46.276,60.252,697.899,19.024,328.573,40.194,54.647,20.519,18.266,29.287,83.99,15.883,105.366,27.929,149.312,42.009,50.505,16.557,12.504,72.034,19.357,620.561,18.467,40.622,73.443,18.271,121.926,18.517,32.901,18.01,27.42,51.366,18.274,40.271,13.452,15.895,26.084,45.845,180.408,156.618,662.926,78.312,669.783,62.653,32.28,111.875,23.834,22.615,70.711,345.95,42.418,18.255,104.152,24.524,749.722,71.36,18.508,765.15,203.509,21.2,36.496,79.836,32.082,59.354,379.681,737.721,43.166,32.626,43.745,22.555,10.314,18.239,22.668,54.446,531.22,22.366,40.008,74.936,57.877,77.763,18.249,30.351,65.707,130.996,66.894,39.63,18.482,113.995,30.597,562.952,33.76,37.73,101.581,128.419,47.881,36.132,19.658,69.932,15.519,387.778,62.056,39.395,404.871,18.079,15.557
