,0,1,2,3,4,5,6,7,8,9,10,11,12,13,14,15,16,17,18,19,20,21,22,23,24,25,26,27,28,29,30,31,32,33,34,35,36,37,38,39,40,41,42,43,44,45,46,47,48,49,50,51,52,53,54,55,56,57,58,59,60,61,62,63,64,65,66,67,68,69,70,71,72,73,74
weatheryear,2002.0,2010.0,2003.0,2006.0,2010.0,2003.0,2010.0,2003.0,2002.0,2003.0,2010.0,2008.0,2008.0,2008.0,2006.0,2010.0,2006.0,2006.0,2006.0,2008.0,2002.0,2008.0,2003.0,2002.0,2002.0,2010.0,2010.0,2003.0,2010.0,2003.0,2006.0,2003.0,2003.0,2006.0,2006.0,2008.0,2002.0,2010.0,2003.0,2008.0,2003.0,2002.0,2002.0,2002.0,2010.0,2008.0,2002.0,2006.0,2010.0,2008.0,2008.0,2002.0,2006.0,2002.0,2008.0,2008.0,2006.0,2010.0,2002.0,2003.0,2010.0,2008.0,2008.0,2003.0,2002.0,2008.0,2003.0,2006.0,2006.0,2006.0,2010.0,2002.0,2006.0,2003.0,2010.0
c_hat [EUR/kWh],3.0,3.0,3.0,3.0,3.0,3.0,3.0,3.0,3.0,3.0,3.0,3.0,3.0,3.0,3.0,3.0,3.0,3.0,3.0,3.0,3.0,3.0,3.0,3.0,3.0,3.0,3.0,3.0,3.0,3.0,3.0,3.0,3.0,3.0,3.0,3.0,3.0,3.0,3.0,3.0,3.0,3.0,3.0,3.0,3.0,3.0,3.0,3.0,3.0,3.0,3.0,3.0,3.0,3.0,3.0,3.0,3.0,3.0,3.0,3.0,3.0,3.0,3.0,3.0,3.0,3.0,3.0,3.0,3.0,3.0,3.0,3.0,3.0,3.0,3.0
co2_cap [%],5.0,5.0,5.0,5.0,5.0,5.0,5.0,5.0,5.0,5.0,5.0,5.0,5.0,5.0,5.0,5.0,5.0,5.0,5.0,5.0,5.0,5.0,5.0,5.0,5.0,5.0,5.0,5.0,5.0,5.0,5.0,5.0,5.0,5.0,5.0,5.0,5.0,5.0,5.0,5.0,5.0,5.0,5.0,5.0,5.0,5.0,5.0,5.0,5.0,5.0,5.0,5.0,5.0,5.0,5.0,5.0,5.0,5.0,5.0,5.0,5.0,5.0,5.0,5.0,5.0,5.0,5.0,5.0,5.0,5.0,5.0,5.0,5.0,5.0,5.0
eta1 [-],0.5,0.5,0.5,0.5,0.5,0.5,0.5,0.5,0.5,0.5,0.5,0.5,0.5,0.5,0.5,0.5,0.5,0.5,0.5,0.5,0.5,0.5,0.5,0.5,0.5,0.5,0.5,0.5,0.5,0.5,0.5,0.5,0.5,0.5,0.5,0.5,0.5,0.5,0.5,0.5,0.5,0.5,0.5,0.5,0.5,0.5,0.5,0.5,0.5,0.5,0.5,0.5,0.5,0.5,0.5,0.5,0.5,0.5,0.5,0.5,0.5,0.5,0.5,0.5,0.5,0.5,0.5,0.5,0.5,0.5,0.5,0.5,0.5,0.5,0.5
eta2 [-],0.5,0.5,0.5,0.5,0.5,0.5,0.5,0.5,0.5,0.5,0.5,0.5,0.5,0.5,0.5,0.5,0.5,0.5,0.5,0.5,0.5,0.5,0.5,0.5,0.5,0.5,0.5,0.5,0.5,0.5,0.5,0.5,0.5,0.5,0.5,0.5,0.5,0.5,0.5,0.5,0.5,0.5,0.5,0.5,0.5,0.5,0.5,0.5,0.5,0.5,0.5,0.5,0.5,0.5,0.5,0.5,0.5,0.5,0.5,0.5,0.5,0.5,0.5,0.5,0.5,0.5,0.5,0.5,0.5,0.5,0.5,0.5,0.5,0.5,0.5
tau [n_days],10.0,45.0,18.0,30.0,10.0,10.0,10.0,30.0,57.0,57.0,30.0,57.0,10.0,30.0,57.0,45.0,57.0,30.0,18.0,57.0,30.0,30.0,45.0,18.0,45.0,57.0,30.0,57.0,45.0,57.0,57.0,10.0,30.0,10.0,45.0,30.0,57.0,10.0,18.0,18.0,30.0,18.0,45.0,45.0,57.0,10.0,57.0,18.0,30.0,45.0,57.0,30.0,10.0,10.0,45.0,18.0,45.0,18.0,18.0,45.0,18.0,45.0,10.0,18.0,30.0,18.0,10.0,10.0,18.0,30.0,18.0,10.0,45.0,45.0,57.0
c1,350.0,350.0,350.0,350.0,350.0,350.0,350.0,350.0,350.0,350.0,350.0,350.0,350.0,350.0,350.0,350.0,350.0,350.0,350.0,350.0,350.0,350.0,350.0,350.0,350.0,350.0,350.0,350.0,350.0,350.0,350.0,350.0,350.0,350.0,350.0,350.0,350.0,350.0,350.0,350.0,350.0,350.0,350.0,350.0,350.0,350.0,350.0,350.0,350.0,350.0,350.0,350.0,350.0,350.0,350.0,350.0,350.0,350.0,350.0,350.0,350.0,350.0,350.0,350.0,350.0,350.0,350.0,350.0,350.0,350.0,350.0,350.0,350.0,350.0,350.0
c2,350.0,350.0,350.0,350.0,350.0,350.0,350.0,350.0,350.0,350.0,350.0,350.0,350.0,350.0,350.0,350.0,350.0,350.0,350.0,350.0,350.0,350.0,350.0,350.0,350.0,350.0,350.0,350.0,350.0,350.0,350.0,350.0,350.0,350.0,350.0,350.0,350.0,350.0,350.0,350.0,350.0,350.0,350.0,350.0,350.0,350.0,350.0,350.0,350.0,350.0,350.0,350.0,350.0,350.0,350.0,350.0,350.0,350.0,350.0,350.0,350.0,350.0,350.0,350.0,350.0,350.0,350.0,350.0,350.0,350.0,350.0,350.0,350.0,350.0,350.0
transmission,1.0,1.0,1.0,1.0,1.0,1.0,1.0,1.0,1.0,1.0,1.0,1.0,1.0,1.0,1.0,1.0,1.0,1.0,1.0,1.0,1.0,1.0,1.0,1.0,1.0,1.0,1.0,1.0,1.0,1.0,1.0,1.0,1.0,1.0,1.0,1.0,1.0,1.0,1.0,1.0,1.0,1.0,1.0,1.0,1.0,1.0,1.0,1.0,1.0,1.0,1.0,1.0,1.0,1.0,1.0,1.0,1.0,1.0,1.0,1.0,1.0,1.0,1.0,1.0,1.0,1.0,1.0,1.0,1.0,1.0,1.0,1.0,1.0,1.0,1.0
nnodes,37.0,37.0,37.0,37.0,37.0,37.0,37.0,37.0,37.0,37.0,37.0,37.0,37.0,37.0,37.0,37.0,37.0,37.0,37.0,37.0,37.0,37.0,37.0,37.0,37.0,37.0,37.0,37.0,37.0,37.0,37.0,37.0,37.0,37.0,37.0,37.0,37.0,37.0,37.0,37.0,37.0,37.0,37.0,37.0,37.0,37.0,37.0,37.0,37.0,37.0,37.0,37.0,37.0,37.0,37.0,37.0,37.0,37.0,37.0,37.0,37.0,37.0,37.0,37.0,37.0,37.0,37.0,37.0,37.0,37.0,37.0,37.0,37.0,37.0,37.0
tres,3.0,3.0,3.0,3.0,3.0,3.0,3.0,3.0,3.0,3.0,3.0,3.0,3.0,3.0,3.0,3.0,3.0,3.0,3.0,3.0,3.0,3.0,3.0,3.0,3.0,3.0,3.0,3.0,3.0,3.0,3.0,3.0,3.0,3.0,3.0,3.0,3.0,3.0,3.0,3.0,3.0,3.0,3.0,3.0,3.0,3.0,3.0,3.0,3.0,3.0,3.0,3.0,3.0,3.0,3.0,3.0,3.0,3.0,3.0,3.0,3.0,3.0,3.0,3.0,3.0,3.0,3.0,3.0,3.0,3.0,3.0,3.0,3.0,3.0,3.0
CO2 price [EUR],117.192,113.366,117.362,263.636,115.803,117.769,383.189,116.511,117.09,254.161,383.085,344.778,246.917,111.156,263.634,267.168,122.602,123.303,366.873,245.592,117.15,246.082,116.244,358.818,358.775,382.687,267.147,116.065,382.994,371.738,366.724,254.382,254.343,263.812,122.961,345.413,247.79,267.15,371.899,112.074,371.873,247.998,117.114,247.807,113.283,345.608,358.765,123.908,113.53,245.688,110.257,358.803,124.308,358.854,110.541,246.486,263.647,114.334,117.192,254.278,383.199,345.09,113.252,254.377,247.971,345.664,371.992,366.854,263.738,366.853,267.142,248.096,366.795,371.852,267.142
c_sys [bEUR],136.833,141.992,139.344,358.057,142.059,139.346,687.346,139.332,136.833,358.854,687.328,645.928,349.788,131.834,358.026,369.273,138.053,138.067,665.271,349.699,136.833,349.75,139.317,659.291,659.274,687.302,369.281,139.31,687.314,668.51,665.262,358.862,358.859,358.049,138.058,646.034,354.811,369.284,668.626,131.853,668.592,354.829,136.833,354.823,141.982,646.097,659.289,138.075,142.012,349.725,131.808,659.275,138.077,659.296,131.818,349.761,358.043,142.039,136.833,358.862,687.34,645.971,131.862,358.867,354.828,646.075,668.66,665.288,358.06,665.271,369.277,354.839,665.267,668.542,369.28
X Discharge,0.0,1.336,0.207,0.214,0.26,0.001,0.005,0.652,0.036,0.458,0.177,1.724,0.119,1.092,0.716,0.004,0.909,0.577,0.002,1.45,0.014,0.792,0.888,0.023,0.11,0.467,0.006,1.022,0.346,1.209,0.385,0.002,0.063,0.013,0.766,0.864,0.425,0.003,0.38,0.63,0.665,0.134,0.027,0.38,1.377,0.181,0.202,0.213,1.264,1.276,1.5,0.041,0.012,0.008,1.398,0.431,0.539,0.877,0.001,0.276,0.033,1.307,0.001,0.008,0.197,0.414,0.022,0.003,0.072,0.043,0.003,0.088,0.164,1.007,0.011
load_coverage [%],0.0,0.145,0.023,0.013,0.028,0.0,0.0,0.071,0.004,0.029,0.006,0.057,0.007,0.119,0.045,0.0,0.099,0.063,0.0,0.091,0.002,0.05,0.097,0.001,0.004,0.015,0.0,0.111,0.011,0.04,0.013,0.0,0.004,0.001,0.083,0.028,0.027,0.0,0.013,0.068,0.022,0.008,0.003,0.024,0.15,0.006,0.007,0.023,0.137,0.08,0.163,0.001,0.001,0.0,0.152,0.027,0.034,0.095,0.0,0.018,0.001,0.043,0.0,0.0,0.012,0.014,0.001,0.0,0.005,0.001,0.0,0.006,0.005,0.034,0.001
battery_load_coverage [%],3.102,1.765,3.062,3.201,1.915,3.067,3.251,3.023,3.089,2.71,3.243,3.625,2.366,1.967,3.179,1.957,3.279,3.324,4.516,2.315,3.097,2.341,2.992,3.92,3.901,3.225,1.964,2.986,3.227,4.547,4.506,2.723,2.719,3.184,3.295,3.653,2.777,1.964,4.6,1.994,4.593,2.79,3.091,2.776,1.755,3.651,3.913,3.38,1.777,2.331,1.934,3.903,3.398,3.923,1.937,2.337,3.191,1.846,3.1,2.713,3.252,3.639,2.029,2.723,2.784,3.661,4.626,4.541,3.202,4.515,1.965,2.793,4.511,4.561,1.964
G_discharge [GW],0.002,10.643,0.961,1.988,1.696,0.005,0.084,2.911,0.145,3.643,5.697,30.732,3.897,2.889,5.424,0.02,5.109,2.911,0.125,13.935,0.068,11.023,3.816,0.807,3.359,11.521,0.03,4.319,9.457,26.48,5.793,0.037,0.783,0.3,4.232,21.355,8.934,0.022,11.421,1.618,17.786,6.277,0.115,8.618,10.998,10.006,4.848,0.92,9.985,12.849,4.094,1.717,0.051,0.292,3.807,8.032,4.284,6.312,0.004,2.332,1.459,26.429,0.002,0.121,7.406,15.559,0.92,0.079,0.898,0.684,0.019,4.727,2.451,22.929,0.053
E [GWh],0.183,394.601,51.985,118.211,63.843,0.269,4.418,213.435,10.564,250.181,99.935,1049.891,50.825,259.332,405.927,2.434,405.507,234.631,1.318,550.288,3.668,281.319,301.365,15.745,58.514,240.388,3.588,343.929,182.162,805.474,266.567,1.847,31.044,5.414,337.43,497.435,162.784,2.365,321.366,142.719,511.147,50.431,7.54,145.43,405.491,128.919,106.436,75.285,375.583,475.363,367.634,24.08,4.286,5.443,342.502,155.929,305.935,232.875,0.249,142.246,24.727,767.747,0.23,4.611,76.89,261.833,16.036,2.536,33.634,24.384,2.307,31.039,94.853,685.025,6.274
G_charge [GW],0.004,7.893,1.154,1.555,1.649,0.006,0.071,3.496,0.198,3.202,1.568,14.158,0.919,5.145,4.7,0.037,4.749,3.144,0.019,8.973,0.076,5.202,4.65,0.219,0.804,4.034,0.053,5.273,3.022,10.195,2.904,0.027,0.48,0.108,4.001,7.545,2.509,0.035,3.673,3.137,5.622,0.897,0.146,2.288,8.028,1.925,1.433,1.195,7.669,8.086,6.87,0.335,0.066,0.085,6.471,3.066,3.646,5.428,0.005,1.99,0.328,10.844,0.005,0.071,1.236,3.983,0.232,0.035,0.564,0.336,0.033,0.628,1.274,8.52,0.09
G_battery [GW],45.842,26.066,44.855,113.429,28.276,45.022,187.62,44.249,45.671,94.72,185.135,193.114,84.891,28.263,113.266,67.74,48.772,49.41,252.516,80.986,45.766,81.837,43.761,225.683,223.917,182.217,67.772,43.694,182.778,238.063,250.404,95.09,94.884,113.87,48.971,194.979,109.601,67.769,240.97,28.652,239.862,111.06,45.708,109.727,25.985,197.17,222.915,50.246,26.239,81.289,27.785,225.031,50.475,225.924,27.817,82.66,113.274,27.268,45.842,94.802,186.858,193.846,29.118,95.071,110.2,196.401,241.758,252.572,113.62,252.161,67.78,111.716,251.447,238.583,67.768
E_battery [GWh],260.088,144.861,253.101,659.625,157.897,253.871,1074.885,249.62,259.055,573.724,1067.186,1137.703,498.91,162.106,658.697,416.749,274.143,278.097,1455.617,486.207,259.64,489.243,246.737,1259.74,1254.578,1056.816,416.817,246.103,1058.953,1440.369,1447.892,576.777,575.936,661.075,275.645,1145.201,597.954,416.812,1462.078,164.505,1454.148,602.491,259.298,598.161,144.083,1155.515,1251.307,283.117,145.753,487.207,159.219,1257.904,284.606,1260.575,159.589,491.848,658.77,151.745,260.094,574.681,1072.678,1141.303,167.566,576.645,599.742,1151.502,1465.965,1455.624,660.212,1454.44,416.881,604.235,1451.987,1444.837,416.797
G_homebattery [GW],73.179,76.6,80.536,17.667,77.553,80.943,14.495,80.045,73.181,17.703,14.4,12.367,14.467,71.526,17.602,14.597,73.652,73.798,16.87,14.38,73.18,14.502,79.906,14.779,14.554,14.277,14.68,79.76,14.321,14.257,16.928,17.692,17.672,17.497,73.735,12.61,19.62,14.683,14.293,71.864,14.331,19.699,73.175,19.641,76.531,12.376,14.795,73.942,76.846,14.53,71.583,14.537,74.055,14.763,71.571,14.366,17.619,77.216,73.178,17.699,14.469,12.488,71.981,17.697,19.691,12.565,14.311,16.964,17.667,16.859,14.68,19.739,16.889,14.267,14.688
E_homebattery [GWh],421.119,445.834,477.457,85.326,455.574,479.582,78.287,475.255,420.983,87.753,77.859,57.076,63.439,381.654,85.049,74.938,427.537,429.272,93.178,63.447,421.072,63.741,474.819,75.823,75.123,77.308,75.238,474.288,77.676,75.826,93.527,87.709,87.623,84.787,428.585,57.755,88.608,75.237,76.046,383.73,76.231,88.744,420.996,88.813,445.913,56.997,75.887,430.248,448.133,63.857,381.978,75.07,430.864,75.77,381.718,63.07,85.145,451.861,421.089,87.734,78.182,57.401,384.542,87.721,88.77,57.614,76.229,93.477,85.418,93.144,75.229,89.309,93.264,75.914,75.276
G_PHS [GW],56.7,56.7,56.7,56.7,56.7,56.7,56.7,56.7,56.7,56.7,56.7,56.7,56.7,56.7,56.7,56.7,56.7,56.7,56.7,56.7,56.7,56.7,56.7,56.7,56.7,56.7,56.7,56.7,56.7,56.7,56.7,56.7,56.7,56.7,56.7,56.7,56.7,56.7,56.7,56.7,56.7,56.7,56.7,56.7,56.7,56.7,56.7,56.7,56.7,56.7,56.7,56.7,56.7,56.7,56.7,56.7,56.7,56.7,56.7,56.7,56.7,56.7,56.7,56.7,56.7,56.7,56.7,56.7,56.7,56.7,56.7,56.7,56.7,56.7,56.7
E_PHS [GWh],1407.69,1407.69,1407.69,1407.69,1407.69,1407.69,1407.69,1407.69,1407.69,1407.69,1407.69,1407.69,1407.69,1407.69,1407.69,1407.69,1407.69,1407.69,1407.69,1407.69,1407.69,1407.69,1407.69,1407.69,1407.69,1407.69,1407.69,1407.69,1407.69,1407.69,1407.69,1407.69,1407.69,1407.69,1407.69,1407.69,1407.69,1407.69,1407.69,1407.69,1407.69,1407.69,1407.69,1407.69,1407.69,1407.69,1407.69,1407.69,1407.69,1407.69,1407.69,1407.69,1407.69,1407.69,1407.69,1407.69,1407.69,1407.69,1407.69,1407.69,1407.69,1407.69,1407.69,1407.69,1407.69,1407.69,1407.69,1407.69,1407.69,1407.69,1407.69,1407.69,1407.69,1407.69,1407.69
G_electrolysis [GW],0.0,0.001,0.0,84.726,0.0,0.0,793.481,0.0,0.0,75.259,793.154,771.81,77.363,0.0,83.909,83.99,0.0,0.0,859.268,76.035,0.0,76.732,0.0,797.237,797.427,792.235,83.93,0.001,792.456,818.405,858.031,75.685,75.595,84.952,0.0,775.941,70.452,83.934,822.284,0.0,820.919,70.662,0.0,70.495,0.0,779.201,796.931,0.0,0.0,76.144,0.0,797.389,0.0,797.474,0.0,76.909,84.162,0.0,0.0,75.526,793.45,773.797,0.0,75.681,70.67,778.646,823.861,859.159,84.878,859.225,83.937,70.681,858.902,819.037,83.917
E_H2 [GWh],0.085,0.086,0.085,954.706,0.065,0.074,5876.662,0.083,0.08,762.269,5875.722,7584.559,943.064,0.074,920.514,1048.932,0.069,0.081,8153.853,850.638,0.077,893.909,0.066,5786.121,5786.177,5846.966,1046.928,0.087,5855.958,6523.612,8121.66,767.494,766.063,968.33,0.078,7634.78,719.383,1047.065,6550.809,0.068,6541.009,724.195,0.073,719.243,0.071,7696.496,5784.793,0.075,0.074,862.125,0.066,5784.742,0.067,5789.162,0.079,908.887,925.316,0.072,0.068,764.352,5877.905,7647.193,0.063,767.365,725.148,7677.5,6521.59,8154.547,962.739,8147.89,1047.305,723.579,8130.98,6521.376,1046.742
avail_onwind [MWh],136996864.27,152683712.837,163279301.3,333847904.467,150339442.428,163464049.242,840506837.693,163315306.131,137033355.573,340556722.928,840845812.12,980038913.926,407321645.62,160808933.092,334674054.477,385522957.592,134307770.302,133596142.985,844585861.456,411018130.217,136969804.047,409268596.847,163425029.252,949885634.942,949011229.625,841049531.391,385487963.712,163441691.469,841097539.712,853001365.244,844465219.887,340184345.267,340301289.438,333367631.878,133986758.662,979864966.813,392874532.768,385493202.445,852560368.713,159769001.152,852769955.44,392399363.352,136995949.697,392784994.749,152715705.213,979485732.282,949403269.44,132923430.727,152435597.106,410709739.301,161097106.699,949239094.258,132566258.324,950041091.514,161035214.648,408447031.747,334484344.661,151322928.035,137010080.797,340434249.356,840521397.494,979819229.291,159222230.98,340182498.263,392380641.65,979947876.599,852557504.084,844204129.915,333495291.195,844714857.151,385490130.817,392043016.633,844417509.46,852917171.999,385495532.653
avail_offwind [MWh],291682896.779,284242555.103,237599885.912,366939687.226,284217854.786,237287430.411,646852793.268,237710349.794,291831956.37,349085442.65,646843695.607,558718048.007,385648869.908,299674104.631,366861844.221,379031381.258,275556733.463,275787194.12,519966432.634,384983544.089,291774021.884,385391857.812,237709421.933,525658296.901,526078658.897,647228790.07,379033010.347,237716217.529,647050858.252,456662226.803,520697957.91,349188106.055,349180107.281,367003381.531,275681540.913,560119189.702,373879979.534,379034404.211,455356682.341,299772165.447,455415400.567,373976317.878,291811896.489,373943539.758,284145138.716,561180911.557,526172738.119,275826374.926,284392971.749,385104870.345,299658178.091,526024538.451,275991528.332,525557397.783,299660538.06,385634201.576,366911772.22,284318436.773,291673018.987,349149325.634,646782461.525,559409829.351,299833836.883,349198076.667,374044558.224,560309872.385,455285832.226,520422969.451,366953512.462,519972929.867,379029328.318,373938536.208,520273677.78,456027995.989,379041059.052
avail_solar [MWh],309015981.873,292814311.624,343766720.653,612864764.905,294920624.495,343893824.345,962924937.33,343459341.458,308805773.828,612699489.858,962946508.855,931259921.158,518350898.851,276267535.772,612336552.963,527138844.962,331594499.242,331942176.876,1125870948.411,517345598.938,308940680.316,518048631.295,343219476.089,1017766092.144,1017960359.399,963244671.973,527137748.42,343057172.627,962976683.231,1157717244.033,1125871847.58,613091385.976,613056763.268,613093265.159,331707685.022,929813385.418,547926976.38,527144880.673,1158244275.667,277026866.414,1158308320.311,548136113.931,308870998.632,547939549.447,292848050.674,928499230.847,1017724905.548,332618620.374,292868548.492,517488652.842,275884021.85,1017851499.273,332865033.178,1017716086.232,275946482.167,518210381.651,612518339.859,293849494.699,309017334.683,612818129.217,962894401.179,930466686.785,277673137.627,613097422.522,548116908.491,929284567.372,1158006004.039,1125774634.122,613068826.687,1125835162.97,527141387.148,548252378.884,1126087582.272,1158188088.564,527143718.195
used_onwind [MWh],115432645.426,137076929.128,135966196.972,312757333.539,132277453.218,135377526.158,802162496.468,137706193.199,115513719.169,318836537.106,802823496.056,958001972.841,388137957.819,141980412.18,314600314.905,359902502.701,117609152.057,116268158.233,816366270.08,393692617.996,115452442.581,390900184.561,138587870.031,912773290.176,913848684.778,803079274.693,359903972.208,138938134.264,803040530.817,816879809.833,816660700.955,317276617.048,317477707.015,311873331.268,117032113.808,956637582.065,368493441.575,359929811.422,816399304.654,139862110.022,816654898.285,367386486.926,115437555.535,368337349.549,137313389.165,957971073.287,912639401.965,114478011.197,136892308.464,392973535.645,143350564.929,913693267.185,113551926.789,912940652.826,143066014.352,389880254.652,313925592.06,135090498.81,115410804.041,318083577.983,802571749.508,957090130.782,137013740.249,317184579.645,367573814.293,956718063.013,815824894.395,815364288.524,312149468.183,816512829.863,360036532.655,367081369.473,816228759.667,816852339.365,360024776.531
used_offwind [MWh],277378419.453,273582417.028,223651105.304,357363211.196,272972626.151,223301168.488,630829106.667,223785456.473,277589002.106,340508086.961,630941831.102,541998949.426,377305860.552,287152746.408,355524293.324,368143431.757,259147018.217,259179590.554,504441781.453,376175090.459,277465881.832,378009558.513,223839343.027,508587250.341,506110894.625,630157623.615,368967162.922,223929800.684,630140155.922,440935151.481,504943484.898,340523090.339,340548527.08,355564421.28,259196113.238,545710845.681,364605094.222,368900946.165,439721381.933,287092510.099,440584247.384,364744305.203,277559664.343,364215923.149,273402837.282,541882638.771,509246883.946,259113790.759,273669402.567,377861979.549,287286572.045,506225927.109,259102813.319,508612963.386,287252295.724,376002325.001,356766854.981,273352179.73,277388292.616,340388475.546,630821653.843,543930878.037,286910591.165,340467114.043,364637498.714,545027989.786,440694380.876,507226788.366,357333552.742,504453361.707,369136070.851,364354428.584,504787540.761,440438619.091,368991311.222
used_solar [MWh],300691728.697,286284027.981,334784880.968,599091448.873,288247787.68,334921782.454,948393349.834,334534037.261,300506867.11,602820813.657,948384972.894,916933576.438,508184256.652,269593190.38,599402853.093,520348703.556,321918849.163,322176744.72,1101785498.665,507856749.132,300626865.521,507682148.608,334323458.256,997949693.994,998851580.221,949276581.566,519864604.23,334216552.001,948902667.407,1138747427.458,1101829812.075,603014956.513,603032642.03,600061875.601,321990243.093,914538938.981,536837002.042,519917426.261,1139248728.859,270350561.352,1138995044.78,536953843.498,300578727.49,537058188.467,286281397.215,914459628.672,997887450.66,322778997.186,286324800.568,507246416.012,269225929.119,998716062.554,322970435.644,997833583.93,269296153.933,508624047.206,599016627.244,287259048.792,300699770.82,602984187.839,948322461.474,915698088.022,270973225.391,603119730.995,536985053.155,914214614.484,1138557436.205,1101329628.622,599307029.87,1101737959.519,519750516.587,537215719.543,1101993772.114,1139177507.834,519842163.829
gas_OCGT_gen [MWh],32148525.3,32173058.4,24334938.3,7404476.4,32367316.5,24282153.3,6068728.2,24053920.5,32110561.5,9617638.8,5669342.1,12605166.0,12432848.4,42716309.4,7072300.5,10049815.5,35759333.7,35455998.9,11086547.1,11648474.4,32136710.1,12069033.3,23869383.6,7604230.8,7501530.6,5299150.2,10062327.6,23760828.6,5484734.1,6902312.1,10463648.1,9970457.7,9905646.3,7546202.4,35595926.1,13122634.5,7994540.7,10064293.5,8335151.4,42756141.6,7764010.8,8160294.9,32133819.0,7996439.7,32054078.1,13712498.4,7403642.1,35738975.1,32190981.0,11733844.8,42659872.5,7575590.7,35831363.7,7660066.2,42706763.7,12278540.4,7189233.3,32403116.7,32150844.0,9753508.8,5966763.3,12898317.9,42722479.2,9960861.6,8133448.8,13546013.7,8919110.4,11084592.3,7509102.3,11027520.3,10066379.7,8234577.3,10741595.4,7262261.4,10066425.6
gas_CCGT_gen [MWh],169395453.6,169360763.7,180448842.3,15402611.4,169086229.8,180523754.4,424332.9,180846443.1,169449233.7,7040392.2,417104.7,2099349.0,15206048.7,154446127.5,15409360.2,9760614.9,164287718.4,164716696.2,604688.7,15145788.3,169412286.3,15058992.6,181107722.4,1783169.7,1756143.0,413436.0,9764619.0,181260941.1,415382.7,557288.1,603784.5,6962704.2,6962362.5,15390172.8,164518782.3,2404355.4,14312717.1,9765614.4,591125.1,154389869.7,588210.3,14368860.9,169416345.9,14371882.8,169529285.7,2493664.2,1786783.2,164316445.8,169335538.2,15118532.1,154526145.0,1755107.1,164185819.2,1774288.5,154459592.1,15153269.4,15387186.9,169035495.6,169392363.6,7009230.6,423147.6,2244008.4,154437495.9,6966525.6,14350648.5,2544497.7,595726.2,611602.2,15387085.5,605105.4,9765666.9,14399845.2,604023.9,575572.5,9751253.4
coal_gen [MWh],156.0,147.0,156.0,1984.8,111.6,112.8,2356.2,141.0,141.6,1283.4,1588.8,264.0,1068.6,114.9,180.6,1038.3,123.9,141.3,177.6,601.2,135.0,2159.1,110.7,1223.1,234.0,1028.1,1939.8,164.1,1285.5,930.9,223.2,1257.0,983.1,173.7,136.2,1985.7,1997.4,2067.9,1047.0,100.5,1755.6,1968.6,150.6,2499.9,122.4,228.6,1448.1,131.7,135.9,2130.9,84.0,178.8,128.4,1375.5,117.6,193.8,1322.7,124.8,133.2,1848.3,1895.1,908.7,105.0,1646.4,2329.2,1469.7,2043.3,1419.6,1783.8,244.2,1143.6,2135.7,194.7,1104.3,1565.7
nuclear_gen [MWh],833.7,1181.1,877.8,68049.0,714.9,600.9,45095496.9,852.3,854.7,34525.2,44434865.1,22007552.7,31519.8,564.9,6269.7,84595.8,744.9,811.8,21516823.8,23807.4,798.3,30808.8,569.4,22501633.8,22464339.0,43535388.3,152825.7,918.3,44151079.5,21053229.9,21514027.2,28153.5,21232.8,4927.5,778.8,22113289.8,36846.6,137323.5,20983691.1,621.9,21043983.6,45328.2,793.2,91485.6,709.8,22088359.5,22535295.9,777.3,868.8,33077.1,474.9,22460499.6,697.2,22502568.6,604.2,7355.1,46824.6,776.1,599.4,41365.8,44970570.0,22093991.1,637.5,41488.5,61753.5,22111346.7,21001238.4,21576618.6,57672.3,21517980.3,125230.2,56073.0,21510073.8,21042893.7,118677.9
gas_CHP_CC_gen [MWh],-0.0,-0.0,-0.0,358711289.7,-0.0,-0.0,5511.3,-0.0,-0.0,349715141.7,3861.3,582.9,362176708.2,-0.0,358203828.9,358828856.4,-0.0,-0.0,473.1,361686897.6,-0.0,362082699.9,-0.0,2283.3,515.1,2700.6,358794854.7,-0.0,3280.2,1722.9,747.0,350106907.2,350055930.0,358917656.7,-0.0,3774.6,346319484.3,358798304.7,1866.3,-0.0,3113.4,346561125.3,-0.0,346348873.8,-0.0,534.0,3288.9,-0.0,-0.0,361777314.9,-0.0,393.3,-0.0,2818.8,-0.0,362191551.3,358313974.8,-0.0,-0.0,349922374.2,4633.2,1947.0,-0.0,350106997.5,346535668.2,2898.9,3973.8,2869.8,358840229.4,681.0,358803979.8,346522466.4,431.7,1948.5,358792673.4
gas_CHP_gen [MWh],-0.0,-0.0,-0.0,62390832.6,-0.0,-0.0,57306826.5,-0.0,-0.0,49789588.8,57590402.1,47256971.1,52798726.5,-0.0,62540343.3,62554401.0,-0.0,-0.0,68168942.1,52623191.1,-0.0,52800604.8,-0.0,59204190.3,59278024.5,57601536.6,62532531.0,-0.0,57598049.1,44729397.6,68190154.2,49821973.2,49766359.5,62492456.7,-0.0,48922430.1,61134815.1,62532186.3,44909808.6,-0.0,44905562.1,60955887.6,-0.0,61099429.2,-0.0,49641330.9,59277145.5,-0.0,-0.0,52689758.7,-0.0,59265255.9,-0.0,59189757.6,-0.0,52797687.9,62504296.8,-0.0,-0.0,49776913.5,57447934.2,47933251.2,-0.0,49817419.5,61017485.1,49708320.0,45217977.9,68147708.7,62473472.1,68172187.5,62526719.7,60883087.2,68300474.4,44799399.6,62536455.0
biomass_CHP_CC_gen [MWh],-0.0,-0.0,-0.0,-0.0,-0.0,-0.0,37567.8,-0.0,-0.0,-0.0,28944.6,2620745.4,-0.0,-0.0,-0.0,-0.0,-0.0,-0.0,10381597.5,-0.0,-0.0,-0.0,-0.0,117315.9,90007.2,16794.6,-0.0,-0.0,22386.0,11988.0,10110365.7,-0.0,-0.0,-0.0,-0.0,3536251.8,-0.0,-0.0,13401.9,-0.0,22684.8,-0.0,-0.0,-0.0,-0.0,4026203.7,124818.9,-0.0,-0.0,-0.0,-0.0,88821.9,-0.0,122124.9,-0.0,-0.0,-0.0,-0.0,-0.0,-0.0,32370.0,3038616.3,-0.0,-0.0,-0.0,3936801.0,25776.9,10372556.7,-0.0,10359578.1,-0.0,-0.0,10303085.7,14372.4,-0.0
biomass_CHP_gen [MWh],-0.0,-0.0,-0.0,-0.0,-0.0,-0.0,139200705.9,-0.0,-0.0,-0.0,139209242.1,136317170.7,-0.0,-0.0,-0.0,-0.0,-0.0,-0.0,127660817.1,-0.0,-0.0,-0.0,-0.0,139685508.6,139714430.7,139223236.2,-0.0,-0.0,139216660.8,139810212.6,127963348.2,-0.0,-0.0,-0.0,-0.0,135296196.6,-0.0,-0.0,139735866.0,-0.0,139750648.5,-0.0,-0.0,-0.0,-0.0,134749541.7,139686545.4,-0.0,-0.0,-0.0,-0.0,139713855.6,-0.0,139681010.1,-0.0,-0.0,-0.0,-0.0,-0.0,-0.0,139206240.0,135851173.2,-0.0,-0.0,-0.0,134849384.7,139690178.4,127670989.5,-0.0,127685382.0,-0.0,-0.0,127748389.2,139791979.5,-0.0
onwind_gen [MWh],346297936.2,411230787.3,407898591.0,938272000.5,396832359.6,406132578.6,2406487489.5,413118579.6,346541157.6,956509611.3,2408470488.3,2874005918.4,1164413873.4,425941236.6,943800944.7,1079707508.1,352827456.3,348804474.6,2449098810.3,1181077854.0,346357327.8,1172700553.8,415763610.0,2738319870.6,2741546054.4,2409237824.1,1079711916.6,416814402.9,2409121592.4,2450639429.4,2449982103.0,951829851.0,952433121.0,935619993.9,351096341.4,2869912746.3,1105480324.8,1079789434.2,2449197914.1,419586330.0,2449964694.9,1102159460.7,346312666.5,1105012048.5,411940167.6,2873913219.9,2737918206.0,343434033.6,410676925.5,1178920606.8,430051694.7,2741079801.6,340655780.4,2738821958.4,429198043.2,1169640764.1,941776776.3,405271496.4,346232412.0,954250734.0,2407715248.5,2871270392.4,411041220.6,951553738.8,1102721442.9,2870154189.0,2447474683.2,2446092865.5,936448404.6,2449538489.7,1080109598.1,1101244108.5,2448686279.1,2450557018.2,1080074329.5
offwind_gen [MWh],832135258.5,820747251.0,670953315.9,1072089633.6,818917878.6,669903505.5,1892487320.1,671356369.5,832767006.3,1021524261.0,1892825493.3,1625996848.2,1131917581.8,861458239.2,1066572879.9,1104430295.4,777441054.6,777538771.8,1513325344.5,1128525271.5,832397645.4,1134028675.5,671518029.0,1525761750.9,1518332683.8,1890472870.8,1106901488.7,671789402.1,1890420467.7,1322805454.5,1514830454.7,1021569270.9,1021645581.3,1066693263.9,777588339.6,1637132537.1,1093815282.6,1106702838.6,1319164145.7,861277530.3,1321752742.2,1094232915.6,832678992.9,1092647769.3,820208511.9,1625647916.4,1527740651.7,777341372.4,821008207.8,1133585938.5,861859716.0,1518677781.3,777308439.9,1525838890.2,861756887.1,1128006975.0,1070300565.0,820056539.1,832164877.8,1021165426.5,1892464961.4,1631792634.0,860731773.6,1021401342.0,1093912496.1,1635083969.4,1322083142.7,1521680365.2,1072000658.1,1513360085.1,1107408212.7,1093063285.8,1514362622.4,1321315857.3,1106973933.6
solar_gen [MWh],902075186.1,858852084.0,1004354643.0,1797394910.4,864743363.1,1004765347.5,2845943516.1,1003602111.9,901520601.3,1808622038.1,2845879272.6,2751662176.8,1525182631.2,808779571.2,1798304927.4,1563631760.1,965756547.6,966530234.1,3305363038.5,1524300602.7,901880596.5,1523813267.1,1002970374.9,2994204903.9,2996881092.3,2848505428.5,1562195232.3,1002649656.0,2847400500.9,3416347927.8,3305496898.2,1809199884.6,1809249903.9,1800281568.9,965970729.3,2744567861.1,1611819215.4,1562353140.3,3417854102.7,811051684.2,3417112135.5,1612175186.4,901736182.5,1612494501.3,858844191.6,2744308079.1,2994035856.0,968336991.6,858974401.8,1522489072.8,807677787.3,2996469974.7,968911306.8,2993852442.3,807888461.7,1526491800.6,1797161062.5,861777146.4,902099312.4,1809110020.2,2845729611.9,2748013938.0,812919676.2,1809518501.4,1612275090.9,2743604446.8,3415806232.5,3304025456.7,1798037575.5,3305221671.6,1561845946.8,1612973163.6,3305987169.9,3417642562.5,1562126756.1
hydro_gen [MWh],513953261.7,515939229.9,511411867.5,510301924.5,515869834.5,511388522.4,515726045.4,511402640.4,513958540.5,510878112.6,515494566.0,513682338.3,513295088.7,512748050.7,511236138.6,515956507.8,511021205.4,510985674.0,511298423.1,513541864.2,513957274.8,512862417.0,511374807.9,513962134.2,514613303.1,515962052.1,515729831.7,511405547.4,515897305.8,511347919.2,511349302.8,510715675.5,510740231.1,511202731.2,510971970.3,512945987.4,513763512.6,515738738.1,511223794.2,512727706.2,510853561.8,513709364.1,513977345.4,514055628.6,515896025.7,513766935.0,514084228.8,511031713.5,515915883.3,512805335.7,512759467.5,514602908.4,511025352.3,513952036.2,512760686.1,513704154.0,510697004.1,515839014.0,513965825.4,511064856.9,515561782.5,513381787.8,512698770.6,511001710.8,513853376.7,513140035.5,510665827.5,509919723.0,510292005.0,511297240.2,515537965.5,513913125.0,511253598.9,511159014.0,515626764.9
tot_gen [MWh],2792.357,2806.202,2796.934,4761.773,2795.767,2794.571,7907.811,2801.857,2792.689,4713.359,7909.092,7987.132,4776.659,2803.745,4762.85,4702.188,2804.995,2801.942,8018.211,4787.666,2792.489,4784.52,2804.074,8002.621,8001.652,7909.38,4703.024,2805.141,7908.824,7913.844,8020.198,4709.838,4710.417,4757.856,2803.646,7988.765,4753.242,4703.061,7911.648,2799.497,7913.388,4750.926,2792.594,4752.667,2806.387,7983.15,8004.055,2798.119,2806.003,4788.243,2807.148,8001.174,2795.851,8002.878,2806.387,4779.46,4763.102,2802.299,2792.352,4711.718,7908.554,7987.352,2792.277,4709.996,4751.412,7987.476,7911.105,8020.916,4760.786,8018.483,4703.378,4749.835,8019.196,7913.799,4703.249
cap_onwind [GW],129.646,176.289,178.137,347.735,173.967,178.444,1083.115,178.03,129.676,396.399,1083.612,1010.834,421.115,149.439,348.342,487.541,128.162,127.475,908.72,423.194,129.619,422.054,178.153,1012.951,1012.226,1083.921,487.505,178.187,1083.932,979.632,908.332,396.089,396.215,347.307,127.85,1009.35,415.649,487.519,978.452,148.945,979.089,415.347,129.642,415.577,176.322,1008.48,1012.604,126.857,175.973,422.962,149.432,1012.389,126.546,1013.111,149.535,421.66,348.287,174.834,129.658,396.297,1083.168,1009.997,148.896,396.089,415.324,1008.235,978.05,908.298,347.438,908.842,487.504,415.087,908.354,979.526,487.512
cap_offwind [GW],204.096,215.162,175.555,265.211,215.185,175.34,470.659,175.577,204.233,266.6,470.642,367.615,261.547,200.367,265.152,294.993,194.734,194.927,367.575,261.12,204.171,261.389,175.541,365.496,365.739,470.881,294.999,175.524,470.777,338.666,368.031,266.681,266.675,265.256,194.839,368.399,266.145,295.001,337.762,200.357,337.813,266.204,204.21,266.188,215.078,369.008,365.819,194.972,215.286,261.208,200.356,365.705,195.123,365.439,200.368,261.544,265.188,215.236,204.09,266.65,470.607,367.999,200.37,266.688,266.252,368.489,337.724,367.881,265.223,367.578,294.995,266.164,367.767,338.232,295.005
cap_solar [GW],848.146,821.559,893.263,1620.67,826.941,893.497,2666.208,892.826,847.58,1598.92,2666.59,2480.888,1395.223,742.664,1618.916,1479.935,877.291,877.928,2928.699,1392.679,847.953,1394.769,892.442,2770.208,2770.805,2667.343,1479.962,892.051,2666.668,2999.085,2928.542,1599.902,1599.822,1621.438,877.477,2476.334,1511.618,1479.989,3000.137,744.792,3000.769,1512.255,847.766,1511.653,821.667,2472.164,2770.186,879.409,821.652,1393.173,742.032,2770.432,879.959,2769.836,742.128,1394.94,1619.451,824.186,848.147,1599.198,2666.425,2478.464,746.499,1599.931,1512.199,2474.135,2999.206,2928.448,1621.401,2928.515,1479.974,1512.612,2929.114,3000.584,1479.982
cap_hydro [GW],142.191,142.191,142.191,142.191,142.191,142.191,142.191,142.191,142.191,142.191,142.191,142.191,142.191,142.191,142.191,142.191,142.191,142.191,142.191,142.191,142.191,142.191,142.191,142.191,142.191,142.191,142.191,142.191,142.191,142.191,142.191,142.191,142.191,142.191,142.191,142.191,142.191,142.191,142.191,142.191,142.191,142.191,142.191,142.191,142.191,142.191,142.191,142.191,142.191,142.191,142.191,142.191,142.191,142.191,142.191,142.191,142.191,142.191,142.191,142.191,142.191,142.191,142.191,142.191,142.191,142.191,142.191,142.191,142.191,142.191,142.191,142.191,142.191,142.191,142.191
cap_gas_OCGT [GW],58.917,69.688,57.079,29.203,76.796,57.71,33.755,55.538,58.818,45.506,29.553,48.753,36.921,64.708,26.005,34.647,83.258,84.895,48.365,31.459,58.878,33.592,54.834,34.703,33.911,25.957,34.687,54.403,27.553,50.027,44.675,48.476,47.935,30.299,83.862,54.749,19.146,34.696,63.525,65.597,57.405,20.065,58.847,19.26,69.496,63.677,33.215,86.743,69.928,32.116,64.052,34.492,87.559,35.164,64.187,35.25,27.122,72.92,58.918,46.622,32.752,51.437,66.762,48.415,19.85,59.749,73.27,48.399,30.04,48.124,34.704,20.771,46.943,53.103,34.688
cap_gas_CCGT [GW],42.888,38.373,40.625,9.579,38.804,40.729,0.347,40.57,42.903,4.767,0.34,1.707,7.888,36.649,9.58,5.862,39.644,40.044,0.372,7.865,42.892,7.822,40.499,1.577,1.552,0.337,5.865,40.484,0.339,0.401,0.372,4.706,4.707,9.571,39.855,1.998,8.058,5.866,0.439,36.841,0.436,8.12,42.891,8.101,38.338,2.078,1.581,40.012,38.492,7.853,36.288,1.551,40.007,1.569,36.385,7.857,9.567,38.606,42.887,4.744,0.346,1.851,37.071,4.71,8.1,2.122,0.444,0.38,9.571,0.373,5.865,8.141,0.372,0.42,5.856
cap_coal [GW],0.0,0.0,0.0,0.001,0.0,0.0,0.001,0.0,0.0,0.0,0.001,0.0,0.001,0.0,0.0,0.0,0.0,0.0,0.0,0.0,0.0,0.001,0.0,0.001,0.0,0.001,0.001,0.0,0.001,0.001,0.0,0.0,0.0,0.0,0.0,0.001,0.001,0.001,0.001,0.0,0.001,0.001,0.0,0.001,0.0,0.0,0.001,0.0,0.0,0.001,0.0,0.0,0.0,0.001,0.0,0.0,0.001,0.0,0.0,0.001,0.001,0.001,0.0,0.001,0.001,0.001,0.001,0.001,0.001,0.0,0.0,0.001,0.0,0.001,0.001
cap_nuclear [GW],0.0,0.0,0.0,0.009,0.0,0.0,5.472,0.0,0.0,0.004,5.391,2.624,0.004,0.0,0.001,0.011,0.0,0.0,2.567,0.003,0.0,0.004,0.0,2.678,2.673,5.281,0.019,0.0,5.357,2.504,2.567,0.004,0.003,0.001,0.0,2.636,0.005,0.017,2.495,0.0,2.502,0.006,0.0,0.012,0.0,2.634,2.682,0.0,0.0,0.004,0.0,2.673,0.0,2.678,0.0,0.001,0.006,0.0,0.0,0.005,5.456,2.634,0.0,0.005,0.008,2.636,2.497,2.574,0.007,2.567,0.016,0.007,2.566,2.502,0.015
cap_gas_CHP_CC [GW],0.0,0.0,0.0,86.378,0.0,0.0,0.003,0.0,0.0,81.706,0.002,0.0,83.491,0.0,86.051,86.541,0.0,0.0,0.0,83.295,0.0,83.416,0.0,0.001,0.0,0.001,86.542,0.0,0.002,0.001,0.0,81.874,81.861,86.462,0.0,0.002,75.617,86.543,0.001,0.0,0.002,75.712,0.0,75.626,0.0,0.0,0.002,0.0,0.0,83.322,0.0,0.0,0.0,0.001,0.0,83.48,86.155,0.0,0.0,81.783,0.002,0.001,0.0,81.874,75.687,0.001,0.002,0.001,86.442,0.0,86.544,75.729,0.0,0.001,86.543
cap_gas_CHP [GW],0.0,0.0,0.0,70.864,0.0,0.0,88.999,0.0,0.0,60.308,90.076,72.688,63.391,0.0,71.106,70.192,0.0,0.0,95.788,63.346,0.0,63.496,0.0,82.245,82.336,90.491,70.157,0.0,90.359,75.175,95.728,60.459,60.406,71.046,0.0,75.196,70.08,70.159,74.998,0.0,75.384,69.895,0.0,70.051,0.0,76.283,82.323,0.0,0.0,63.488,0.0,82.33,0.0,82.2,0.0,63.517,71.011,0.0,0.0,60.374,89.423,73.887,0.0,60.455,69.96,76.567,75.273,95.731,70.965,95.787,70.151,69.79,95.879,75.289,70.157
cap_biomass_CHP_CC [GW],0.0,0.0,0.0,0.0,0.0,0.0,0.007,0.0,0.0,0.0,0.005,0.425,0.0,0.0,0.0,0.0,0.0,0.0,1.843,0.0,0.0,0.0,0.0,0.018,0.014,0.003,0.0,0.0,0.004,0.002,1.792,0.0,0.0,0.0,0.0,0.574,0.0,0.0,0.002,0.0,0.004,0.0,0.0,0.0,0.0,0.654,0.019,0.0,0.0,0.0,0.0,0.013,0.0,0.019,0.0,0.0,0.0,0.0,0.0,0.0,0.006,0.493,0.0,0.0,0.0,0.64,0.005,1.841,0.0,1.839,0.0,0.0,1.829,0.003,0.0
cap_biomass_CHP [GW],0.0,0.0,0.0,0.0,0.0,0.0,38.823,0.0,0.0,0.0,38.805,36.958,0.0,0.0,0.0,0.0,0.0,0.0,35.882,0.0,0.0,0.0,0.0,36.349,36.346,38.773,0.0,0.0,38.781,39.609,35.938,0.0,0.0,0.0,0.0,36.726,0.0,0.0,39.55,0.0,39.56,0.0,0.0,0.0,0.0,36.606,36.341,0.0,0.0,0.0,0.0,36.351,0.0,36.354,0.0,0.0,0.0,0.0,0.0,0.0,38.82,36.85,0.0,0.0,0.0,36.636,39.536,35.884,0.0,35.885,0.0,0.0,35.895,39.607,0.0
unintended_storage_cycling [%],25.121,0.014,0.187,0.967,0.061,13.865,32.882,0.063,0.896,0.217,1.145,0.01,0.725,0.022,0.034,10.414,0.041,0.071,8.354,0.045,1.733,0.139,0.04,3.375,0.173,0.662,13.343,0.042,0.881,0.158,0.134,15.245,0.86,1.262,0.06,0.147,0.341,30.012,0.196,0.04,0.375,0.998,0.904,0.497,0.011,0.095,0.584,0.152,0.011,0.085,0.015,0.344,1.151,11.415,0.016,0.051,0.274,0.021,14.897,0.487,5.716,0.048,13.305,8.474,0.89,0.238,6.078,28.57,2.263,0.816,14.328,1.636,0.186,0.221,5.784
sector,,,,T-H,,,T-H-I-B,,,T-H,T-H-I-B,T-H-I-B,T-H,,T-H,T-H,,,T-H-I-B,T-H,,T-H,,T-H-I-B,T-H-I-B,T-H-I-B,T-H,,T-H-I-B,T-H-I-B,T-H-I-B,T-H,T-H,T-H,,T-H-I-B,T-H,T-H,T-H-I-B,,T-H-I-B,T-H,,T-H,,T-H-I-B,T-H-I-B,,,T-H,,T-H-I-B,,T-H-I-B,,T-H,T-H,,,T-H,T-H-I-B,T-H-I-B,,T-H,T-H,T-H-I-B,T-H-I-B,T-H-I-B,T-H,T-H-I-B,T-H,T-H,T-H-I-B,T-H-I-B,T-H
AL0 0 X Store,109.041,28.962,28.388,76.334,28.935,28.385,72.988,38.061,122.935,118.382,76.502,72.408,87.387,75.724,69.61,106.236,39.829,40.405,96.535,76.129,119.954,73.546,37.516,118.991,111.785,69.132,99.169,34.249,77.81,133.643,69.362,105.843,125.033,97.943,39.993,81.16,119.227,85.775,123.177,66.296,131.803,102.822,117.96,87.12,38.264,78.075,113.934,41.369,26.444,80.72,74.972,108.05,44.026,94.266,78.872,75.523,71.046,24.421,124.948,104.381,68.731,71.936,68.583,90.888,82.876,85.397,117.651,114.65,86.5,79.643,103.164,78.343,73.34,134.403,109.316
AT0 0 X Store,43.366,18.54,30.791,42.04,18.815,31.367,40.168,36.928,42.492,31.078,31.553,38.97,21.507,67.112,42.542,35.968,39.775,40.387,39.929,31.511,41.459,24.875,34.931,59.769,59.441,29.832,35.291,33.469,31.382,15.15,40.317,36.642,32.18,30.759,39.927,38.462,8.27,29.909,15.6,58.636,15.26,8.231,41.619,7.833,18.447,37.188,58.599,41.167,18.273,27.618,70.89,58.377,42.704,53.807,67.246,21.25,42.213,18.452,41.72,31.81,32.761,36.773,59.249,27.021,8.37,34.735,15.69,45.444,33.424,40.589,31.083,8.261,42.394,15.186,35.252
BA0 0 X Store,116.81,19.608,29.266,85.885,21.019,30.724,87.17,38.757,131.519,131.745,94.575,77.781,111.699,83.21,75.049,120.828,39.883,40.486,89.605,120.988,130.702,109.668,38.993,112.43,105.737,85.769,113.547,35.039,95.382,108.721,69.867,119.336,142.554,110.299,40.151,94.183,139.394,96.377,108.348,72.956,115.231,117.03,125.859,99.498,20.673,83.115,106.609,42.066,18.392,128.989,84.979,103.482,55.304,91.824,87.409,106.531,75.829,18.506,134.919,112.732,84.947,80.59,75.644,100.128,93.959,98.474,106.451,110.159,97.345,85.097,120.314,83.318,79.241,113.265,121.961
BE0 0 X Store,36.055,18.547,30.381,29.828,18.811,28.416,33.48,34.67,38.709,40.319,26.734,31.728,20.549,55.722,32.564,66.298,39.73,40.35,24.251,37.679,38.053,29.971,33.53,35.127,33.178,26.399,59.832,32.224,26.878,15.151,25.145,44.501,41.894,18.313,39.901,28.371,9.585,51.671,15.874,53.175,15.501,7.246,37.824,7.926,18.437,25.731,32.78,41.222,18.267,34.721,60.052,33.593,42.676,36.229,57.304,24.102,31.96,18.445,36.197,40.842,25.636,29.13,56.115,43.081,6.916,26.169,15.74,30.513,22.099,25.382,58.207,7.727,25.553,15.349,71.486
BG0 0 X Store,117.541,42.033,28.406,81.603,38.03,28.437,72.263,37.339,130.556,81.321,81.301,53.371,81.555,77.094,71.814,97.074,39.845,40.423,100.265,60.032,129.291,64.613,37.409,102.467,98.859,74.477,91.207,33.945,81.16,74.325,72.81,70.177,82.657,102.018,40.147,58.036,116.086,79.176,70.343,69.429,73.343,102.816,125.937,86.012,54.909,74.06,100.329,41.366,38.588,65.275,78.99,95.696,46.883,85.87,82.176,68.525,71.315,41.095,135.227,71.128,72.201,54.118,70.855,60.617,82.797,67.278,73.603,113.2,95.771,94.522,93.388,78.293,84.465,74.424,100.41
CH0 0 X Store,40.463,18.182,29.619,47.794,18.813,29.048,48.936,36.196,39.984,55.607,48.179,25.943,33.671,61.418,46.698,65.651,39.742,40.337,49.515,40.852,39.282,31.088,34.051,69.395,65.998,47.339,65.183,33.039,48.781,15.135,47.798,73.822,64.056,51.382,39.907,23.666,24.401,55.57,15.333,59.833,15.197,22.928,39.002,19.706,18.146,26.901,64.888,41.227,18.277,37.717,66.826,65.378,42.725,58.079,63.337,32.249,46.72,18.448,39.517,56.988,44.234,21.331,59.98,56.851,19.885,20.88,18.146,52.958,47.136,51.318,64.475,19.657,52.404,15.119,69.438
CZ0 0 X Store,48.893,18.547,31.19,49.327,18.815,33.242,50.973,38.576,40.931,35.28,40.457,43.943,40.962,69.258,46.011,45.855,39.673,40.19,39.931,48.923,40.822,41.916,37.988,54.11,47.924,35.467,41.806,35.096,37.365,22.352,43.276,43.383,36.588,53.456,39.8,46.714,25.109,36.695,22.668,63.521,20.521,23.997,40.625,20.679,18.442,39.887,48.808,40.966,18.281,45.752,71.363,47.603,42.608,55.258,67.67,39.518,45.79,18.452,45.119,36.617,40.879,44.591,69.965,33.862,19.203,36.389,28.894,46.062,50.284,43.717,38.938,20.448,45.317,21.452,44.915
DE0 0 X Store,37.8,18.547,30.03,16.682,18.812,28.71,27.822,38.345,40.849,32.736,19.399,30.976,20.782,62.036,16.325,51.287,39.721,40.334,16.84,39.479,38.898,29.899,36.642,31.025,32.069,18.636,48.844,35.373,18.919,15.136,15.152,34.584,32.591,12.945,39.891,29.223,11.282,42.055,15.547,54.84,15.263,10.44,39.071,10.919,18.44,25.564,31.967,41.142,18.338,34.391,64.093,30.549,42.703,32.901,62.836,23.841,16.959,18.448,37.895,32.846,19.945,28.581,54.473,27.93,10.768,27.881,15.723,18.028,12.242,15.736,45.77,9.718,15.202,15.185,52.808
DK0 0 X Store,31.172,18.533,22.34,15.648,18.809,24.555,55.223,24.447,31.555,37.208,57.974,65.382,21.877,55.248,15.869,39.028,31.491,31.035,15.469,60.035,32.094,49.825,22.465,67.949,70.848,52.728,40.399,22.377,63.241,15.133,18.195,31.48,38.357,12.623,31.78,64.143,16.741,37.67,15.43,48.998,15.253,13.281,31.618,15.967,18.42,74.187,69.425,30.245,18.805,56.268,57.108,66.155,30.094,57.026,57.809,33.949,15.433,18.444,30.97,37.632,52.269,63.563,44.33,34.273,14.125,63.869,15.767,16.39,14.055,17.229,41.02,8.946,18.757,15.168,38.482
DK3 0 X Store,28.004,18.567,79.597,16.355,18.812,89.897,20.175,81.293,22.877,10.042,18.103,12.685,8.367,61.174,17.842,26.418,133.286,134.56,25.39,25.353,23.466,16.184,93.028,71.55,70.908,20.93,24.421,85.39,19.514,35.471,26.546,6.203,8.779,12.659,137.907,13.352,3.117,16.032,31.536,59.684,28.93,3.043,24.286,3.094,18.439,10.848,68.567,122.089,18.383,19.261,59.54,68.793,124.22,54.62,63.002,11.547,17.172,18.448,24.944,8.828,18.284,13.125,67.597,6.82,3.03,13.299,34.748,21.37,13.873,27.998,23.063,3.077,31.234,33.981,24.893
EE6 0 X Store,24.293,18.567,73.635,48.491,18.795,80.713,28.202,76.713,18.708,15.965,26.272,18.923,14.099,49.95,51.047,86.186,15.109,15.211,34.359,29.107,19.386,26.122,91.092,28.134,27.462,29.07,88.556,87.649,28.517,19.269,30.102,16.225,15.128,43.423,15.163,12.459,43.759,86.954,16.521,47.916,20.194,31.016,18.97,38.586,18.447,10.188,27.366,15.355,18.323,30.442,48.891,27.682,15.601,29.071,49.032,19.924,50.685,18.447,20.865,15.844,23.412,18.481,45.461,15.639,32.095,9.672,13.177,35.807,42.848,32.704,93.714,25.045,30.841,19.072,86.494
ES0 0 X Store,75.248,100.995,80.797,87.613,98.986,95.728,72.296,81.117,65.027,57.768,43.422,80.726,84.083,82.789,86.602,108.069,35.43,35.759,55.525,71.714,67.26,70.839,91.031,79.368,64.521,40.585,112.634,81.809,41.511,15.113,42.305,81.659,58.275,95.19,35.519,94.713,73.292,94.004,15.348,80.432,15.201,90.659,65.545,71.392,131.287,87.321,63.576,36.361,109.414,77.666,80.996,66.733,37.703,83.115,82.685,69.622,86.6,116.796,70.382,56.424,49.47,80.993,77.584,56.495,73.58,105.712,15.85,67.085,91.224,52.291,116.841,75.194,48.198,15.135,109.636
ES2 0 X Store,68.032,97.108,71.524,84.116,94.658,84.015,61.273,68.539,59.67,43.861,41.414,68.401,75.334,75.946,82.811,93.851,39.614,40.08,59.04,65.174,62.96,66.141,76.625,93.418,74.926,39.619,95.833,75.489,39.8,15.17,50.021,64.958,47.154,89.577,39.744,84.037,71.942,86.256,15.337,69.438,15.214,84.603,60.954,70.841,114.922,78.074,72.01,40.884,103.484,66.896,70.708,79.55,42.595,85.764,74.079,67.822,82.939,110.664,65.219,44.25,45.742,70.584,64.716,47.766,72.84,88.107,15.603,68.008,83.925,59.342,99.339,73.221,55.143,15.189,94.001
FI3 0 X Store,31.534,18.561,12.217,13.634,18.615,12.393,22.671,12.137,18.602,6.209,21.355,24.23,3.478,38.161,15.351,51.053,15.609,15.671,29.393,3.067,19.681,3.21,12.093,32.572,31.08,23.536,54.507,12.089,22.529,6.05,27.806,6.118,6.038,12.695,15.677,14.545,17.525,51.601,6.063,35.277,6.042,18.538,18.532,17.487,18.48,10.927,30.88,16.125,18.301,3.089,39.604,31.553,17.451,32.431,41.621,3.333,14.65,18.435,23.544,6.207,20.798,22.71,37.124,6.063,16.756,10.46,6.114,32.676,11.64,29.182,57.523,21.59,28.267,6.091,57.089
FR0 0 X Store,36.532,18.547,30.525,45.38,18.812,28.588,26.863,39.051,40.445,43.527,20.88,23.706,30.375,57.599,44.489,77.118,39.748,40.386,31.423,43.122,37.685,32.548,37.437,20.002,13.47,20.229,70.109,35.256,20.387,15.153,33.416,53.911,42.426,42.746,39.91,23.017,14.928,58.003,15.888,55.855,15.442,13.882,38.896,14.995,18.44,25.123,13.244,41.487,18.29,40.642,64.796,15.059,42.711,21.769,60.366,30.922,44.68,18.449,37.387,44.262,21.084,22.423,58.212,44.806,14.026,22.51,16.058,35.96,45.226,33.92,66.549,14.034,35.227,15.241,78.19
GB4 0 X Store,24.584,27.129,26.928,28.502,30.388,22.1,59.284,38.041,36.313,34.968,55.402,35.375,12.568,40.457,27.78,61.765,39.866,40.16,3.129,36.444,26.295,32.88,43.803,12.382,15.512,55.32,58.017,46.25,54.291,18.221,15.334,23.498,33.632,8.772,39.88,26.546,36.432,47.073,11.371,39.1,15.378,20.705,32.657,34.925,30.752,13.975,17.377,40.956,29.748,36.118,44.587,13.14,42.613,10.277,43.92,24.986,27.993,31.731,23.96,34.26,56.9,35.376,39.048,25.656,31.375,17.807,9.258,3.116,19.682,9.076,59.623,16.877,10.781,16.289,60.097
GB5 0 X Store,36.372,18.533,27.027,33.575,18.809,25.294,6.157,36.603,47.296,42.981,7.806,13.899,6.395,45.062,42.863,72.027,39.692,40.327,14.994,18.924,46.724,11.416,39.354,6.19,6.208,7.378,62.203,40.607,7.394,16.082,27.66,47.968,43.932,23.838,39.879,10.349,7.357,44.495,15.748,44.285,15.445,3.871,48.763,6.948,18.42,6.427,7.534,40.956,18.805,17.242,44.903,4.424,42.672,6.348,45.019,8.789,41.436,18.444,40.934,43.246,7.074,12.451,39.107,45.258,4.457,7.954,16.399,10.018,31.422,19.389,52.674,3.076,27.856,15.947,73.609
GR0 0 X Store,103.335,102.981,29.745,72.942,106.26,25.685,69.367,34.095,113.906,47.707,75.48,49.359,58.464,63.531,67.914,96.317,39.729,40.343,96.207,50.692,111.27,50.318,34.025,107.393,102.629,70.918,91.015,34.662,77.775,40.167,66.687,37.477,45.778,93.505,39.916,53.744,108.595,77.091,39.194,59.182,35.123,94.705,110.625,82.022,142.222,61.243,104.727,41.271,112.336,51.763,64.939,99.311,43.289,85.112,69.711,49.749,67.615,127.279,117.168,45.406,66.913,49.821,61.785,35.304,78.915,59.774,48.066,116.021,86.566,79.072,90.844,74.321,72.337,39.97,99.092
HR0 0 X Store,112.368,18.638,28.286,89.827,18.958,30.014,88.421,38.703,124.822,125.791,94.161,67.579,111.42,81.423,78.692,120.635,39.763,40.774,99.682,100.301,124.579,105.122,38.748,112.739,105.544,83.791,113.386,34.83,92.691,94.149,72.526,117.157,137.935,111.49,40.952,86.197,138.739,96.604,99.945,71.106,103.568,116.656,120.572,99.23,18.704,82.91,106.261,41.952,18.301,111.463,82.937,103.545,53.224,92.529,85.022,105.943,79.312,18.465,128.256,109.014,86.132,70.561,73.791,97.854,93.597,99.944,104.053,114.703,103.594,91.697,120.582,83.091,83.576,98.898,121.448
HU0 0 X Store,91.027,18.479,30.439,69.538,18.831,33.047,77.471,38.324,95.439,78.451,86.876,63.371,90.407,79.243,58.807,92.079,39.833,40.454,78.423,89.93,97.328,88.227,38.877,99.437,87.94,79.367,84.541,34.196,84.706,53.473,63.413,84.338,86.167,82.691,40.286,80.774,78.578,72.12,53.66,73.478,54.574,68.356,95.75,59.455,18.452,65.75,88.406,41.743,18.281,97.562,80.596,87.768,54.447,86.163,81.059,87.528,59.326,18.446,100.409,72.854,76.125,64.692,77.456,67.952,56.587,80.559,63.212,87.465,76.087,75.663,85.723,52.148,73.698,54.398,91.772
IE4 0 X Store,26.633,29.658,31.611,28.502,29.703,22.896,65.455,44.072,29.226,39.896,61.545,36.363,12.608,45.548,27.781,59.7,39.605,40.159,15.319,27.585,25.333,23.988,47.801,18.996,19.73,60.232,58.807,47.993,61.003,14.614,47.007,23.544,38.761,8.85,39.768,32.298,45.279,48.517,14.159,43.398,13.919,21.779,28.65,42.249,31.381,21.048,23.505,40.956,31.824,28.976,52.633,21.255,42.591,19.085,52.293,24.488,27.994,29.286,26.541,39.786,63.235,34.964,39.318,28.612,33.107,25.767,9.241,15.542,16.63,21.753,59.688,17.487,41.213,14.065,56.894
IT0 0 X Store,48.554,18.225,28.968,70.946,18.816,28.373,68.795,36.318,48.083,61.395,53.517,68.776,95.251,55.064,68.604,90.411,39.779,40.332,72.381,99.843,47.744,93.227,35.588,76.041,69.39,41.351,98.296,33.375,44.711,48.879,68.418,89.663,75.67,87.261,39.938,76.498,106.33,87.602,34.998,56.448,38.759,95.123,46.286,90.304,18.487,77.689,69.037,41.101,18.302,106.939,53.964,70.906,42.73,74.938,53.265,88.336,68.404,18.449,50.994,65.469,60.658,68.88,63.488,70.154,82.274,88.046,41.001,79.857,79.667,69.4,105.524,73.514,69.082,48.609,93.039
IT1 0 X Store,40.725,18.641,29.571,69.001,18.753,26.649,60.535,34.998,37.238,52.937,43.825,66.348,87.325,46.137,68.036,71.599,39.755,40.187,61.526,86.299,36.716,85.237,32.012,70.523,61.841,39.976,78.114,30.714,43.952,43.779,64.453,73.578,61.315,84.365,39.902,59.911,100.031,85.762,35.364,46.576,35.432,92.983,36.724,83.599,18.444,73.662,60.521,40.961,18.265,92.59,49.446,62.472,42.596,80.069,51.077,81.595,68.201,18.447,38.586,56.466,42.604,61.881,52.625,58.386,80.301,69.566,39.106,71.144,77.723,64.902,95.132,73.149,65.775,43.577,75.308
LT6 0 X Store,25.618,18.568,80.978,46.925,18.799,89.078,27.557,87.229,18.798,15.463,20.209,18.59,15.145,52.628,55.721,93.652,15.121,15.235,28.194,18.903,19.742,19.814,102.903,28.105,27.464,25.515,94.354,96.372,24.375,3.098,29.727,17.835,14.807,46.799,15.156,11.974,45.783,89.158,3.187,49.152,3.144,35.909,19.166,39.721,18.447,10.41,27.389,15.368,18.31,19.326,51.624,27.655,15.631,28.378,51.741,17.177,50.245,18.448,21.138,15.165,20.568,18.739,48.37,14.053,34.176,9.839,3.324,33.907,44.243,29.52,100.456,28.025,30.129,3.103,93.897
LU0 0 X Store,37.218,18.533,30.42,44.979,18.809,28.243,30.473,36.785,42.47,37.085,22.643,38.678,38.226,52.728,43.908,36.937,39.661,40.193,21.271,54.252,40.659,47.705,35.015,34.042,34.978,20.586,35.897,33.455,21.661,15.134,22.276,40.342,35.467,44.463,39.795,37.847,21.48,42.94,15.516,44.862,15.272,20.384,41.59,18.426,18.42,32.937,34.674,40.974,18.805,53.977,53.997,35.226,42.619,34.794,53.327,41.333,44.093,18.444,39.592,37.511,23.061,37.188,45.177,33.617,18.305,36.103,15.665,25.066,45.291,22.605,39.296,17.382,22.172,15.172,37.065
LV6 0 X Store,25.505,18.577,80.919,47.601,18.795,87.175,25.806,87.076,18.793,15.56,21.91,21.672,14.535,51.811,55.072,93.599,15.121,15.234,28.486,19.356,19.715,21.745,102.551,28.088,27.431,26.919,94.026,97.194,25.509,4.881,29.745,17.073,14.79,46.461,15.154,12.884,45.435,89.038,4.251,48.809,5.033,35.656,19.16,41.152,18.446,10.433,27.386,15.366,18.311,21.48,51.016,27.63,15.626,28.603,50.962,17.814,50.701,18.448,21.142,15.28,20.555,19.024,47.922,14.487,34.669,9.832,3.207,30.629,44.244,29.724,100.279,28.009,30.304,4.817,93.64
ME0 0 X Store,112.258,23.658,28.902,80.625,21.223,29.19,82.423,38.111,127.491,118.468,83.997,73.362,104.893,80.659,73.676,114.081,40.015,40.42,96.34,94.675,125.777,91.617,37.579,113.274,106.979,72.64,106.682,34.306,82.977,99.157,69.136,108.032,125.021,102.912,39.946,90.523,132.89,91.761,103.334,70.639,108.279,112.375,122.025,96.471,24.091,84.361,107.559,41.384,18.482,101.996,81.768,103.458,46.998,92.217,84.878,92.928,72.04,19.003,130.016,102.11,77.368,76.224,72.895,90.844,90.456,97.63,104.696,111.524,92.034,89.533,111.46,81.458,78.477,103.184,114.961
MK0 0 X Store,114.803,18.184,29.567,77.667,18.838,30.585,75.908,38.317,130.593,79.728,85.419,50.711,81.912,80.175,70.91,93.228,39.844,40.419,99.892,54.254,127.644,58.011,38.189,100.711,97.193,76.868,89.397,34.72,85.37,54.985,69.532,70.814,83.163,98.101,40.004,54.925,114.782,78.449,50.28,69.278,53.998,100.85,125.092,84.916,18.2,64.004,97.597,41.366,18.278,57.925,79.867,92.585,47.422,83.412,84.028,63.366,71.319,18.449,132.527,70.089,76.32,51.329,71.532,59.837,81.088,63.614,55.993,115.78,86.976,87.167,92.016,77.615,78.562,51.293,96.403
NL0 0 X Store,38.972,18.544,30.36,24.645,18.814,29.623,20.754,35.29,44.338,40.258,18.895,34.244,18.218,54.371,26.076,57.841,39.692,40.324,15.335,39.491,40.89,30.869,35.667,29.429,27.941,18.582,54.817,34.788,18.586,15.132,15.132,37.093,41.855,19.794,39.879,27.985,8.911,42.061,15.633,48.118,15.254,4.821,42.26,7.575,18.431,26.049,27.726,40.994,18.332,37.599,59.169,28.471,42.645,30.879,56.154,22.052,26.483,18.462,39.547,40.679,19.279,30.374,45.94,39.7,5.722,26.79,16.102,15.911,22.002,15.189,45.096,4.99,15.168,15.168,58.061
NO3 0 X Store,124.348,112.484,117.181,118.61,120.979,134.093,99.672,127.181,138.614,144.442,129.247,124.623,115.467,125.523,132.617,130.774,155.314,157.581,121.559,128.659,138.202,113.562,169.141,125.117,116.634,123.5,117.981,135.248,127.595,149.322,120.794,127.222,155.673,122.075,168.047,124.194,136.63,97.594,126.224,114.338,137.353,117.176,132.302,98.017,174.604,89.672,116.955,135.3,126.584,134.569,143.287,117.863,141.235,96.905,130.522,111.232,115.077,152.397,143.939,117.995,110.413,118.037,105.263,105.12,92.795,115.822,119.523,128.923,118.312,127.128,121.794,83.75,139.122,149.98,130.748
PL0 0 X Store,33.75,18.544,29.384,6.039,18.812,29.293,19.97,34.88,29.456,26.126,16.314,43.6,16.407,66.792,6.021,39.701,39.62,40.127,15.946,23.221,30.191,22.941,32.462,31.792,31.654,15.673,36.957,31.471,15.858,19.112,18.791,24.897,25.718,6.378,39.47,29.594,5.463,30.249,15.983,61.473,16.908,3.867,28.695,5.409,18.433,22.531,31.667,40.896,18.314,23.676,68.999,31.142,42.331,31.389,68.281,22.252,6.026,18.447,31.061,26.125,17.243,37.286,54.502,23.884,4.446,22.236,16.73,17.989,6.071,16.3,33.568,4.371,17.294,17.983,41.523
PT0 0 X Store,76.941,102.07,84.282,87.723,99.404,97.398,74.882,82.366,65.041,58.236,44.033,80.707,84.894,85.575,86.683,106.16,35.41,35.736,55.895,72.169,67.029,71.701,91.476,81.612,64.529,41.017,111.479,82.334,42.168,15.114,42.986,84.245,60.252,96.792,35.496,93.525,73.771,93.802,15.371,81.687,15.198,91.721,65.516,70.657,130.247,87.203,63.567,36.177,112.909,77.976,83.069,66.759,37.783,84.798,84.83,70.932,86.66,114.853,70.247,56.746,50.917,79.928,79.37,57.684,72.778,105.96,15.799,68.022,92.996,52.424,114.813,76.032,49.004,15.135,108.472
RO0 0 X Store,116.641,37.665,27.6,86.884,32.498,27.197,74.641,36.491,126.627,86.436,81.794,57.239,87.927,76.039,75.289,98.12,39.825,40.424,101.074,65.675,125.617,70.602,36.659,106.87,101.419,75.187,91.985,32.978,82.276,83.712,74.08,73.746,88.889,109.755,39.99,67.08,118.974,79.622,79.036,67.711,83.459,105.268,122.755,86.945,49.162,78.508,102.954,41.379,33.555,73.672,76.361,99.848,46.973,89.601,79.642,73.559,75.5,34.89,132.471,74.422,74.084,58.291,69.585,63.265,84.014,79.159,82.654,115.193,98.11,95.871,95.096,79.822,86.525,84.697,98.923
RS0 0 X Store,116.01,22.369,29.133,87.258,23.174,29.997,83.721,38.746,129.493,98.069,91.898,60.337,87.164,80.811,75.603,108.993,39.856,40.42,107.418,63.855,128.676,64.14,38.861,110.395,104.995,80.675,102.404,35.025,90.742,81.712,78.242,85.052,101.989,108.917,40.049,74.098,109.373,87.008,81.962,72.322,85.761,98.392,124.228,81.045,27.332,78.908,107.21,41.46,19.279,69.119,81.83,102.77,49.249,91.479,84.794,70.555,76.181,19.568,133.689,84.302,83.111,62.704,74.223,72.234,77.497,89.283,86.264,119.306,100.503,103.893,105.433,76.346,93.447,84.108,109.293
SE3 0 X Store,46.569,18.576,97.104,13.028,18.857,111.436,81.21,104.083,38.054,44.907,86.377,9.272,8.452,87.803,14.766,70.223,155.301,158.743,36.586,14.718,37.176,11.462,132.173,112.765,109.831,84.093,65.395,111.901,81.518,150.645,46.239,35.636,41.594,12.381,167.887,9.518,100.901,63.883,128.28,86.327,141.139,88.382,41.182,74.468,18.47,8.492,111.904,138.666,18.325,11.407,88.921,109.867,143.515,89.389,86.922,9.253,14.042,18.456,42.201,40.001,84.983,9.363,93.976,32.617,72.1,8.941,119.401,37.62,11.853,42.473,72.112,63.162,45.525,152.509,69.727
SI0 0 X Store,114.642,18.423,26.958,70.354,18.844,27.036,76.224,37.888,122.29,102.33,72.556,57.901,96.563,81.638,59.989,94.783,39.718,40.657,97.996,72.968,124.516,76.003,37.862,109.398,102.511,63.599,93.928,33.759,72.324,89.717,68.356,102.305,110.505,88.856,40.517,72.854,104.884,86.25,97.372,68.279,96.808,94.558,118.771,82.178,18.7,81.053,103.918,42.112,18.259,78.784,84.028,98.663,51.89,88.882,82.675,83.443,60.951,18.451,130.547,91.296,69.168,60.089,71.096,87.327,78.86,91.247,103.118,112.223,79.312,84.339,98.907,73.005,75.968,90.506,96.437
SK0 0 X Store,49.839,18.522,30.84,54.552,18.837,33.331,74.263,35.386,41.348,42.859,68.89,43.206,44.794,76.469,47.12,61.767,39.681,40.195,58.4,43.025,42.498,39.898,34.235,65.908,56.643,69.336,56.899,31.854,70.027,35.196,54.551,56.09,49.366,67.804,39.813,43.03,43.746,50.327,32.031,73.139,29.843,41.77,42.196,36.534,18.444,47.533,56.007,40.977,18.261,46.533,76.715,58.353,45.327,66.946,75.137,41.041,47.105,18.454,47.935,45.554,65.555,43.385,78.25,44.369,36.042,42.717,41.768,68.224,58.696,59.91,55.198,34.281,59.532,29.404,60.347
