,0,1,2,3,4,5,6,7,8,9,10,11,12,13,14,15,16,17,18,19,20,21,22,23,24,25,26,27,28,29,30,31,32,33,34,35,36,37,38,39,40,41,42,43,44,45,46,47,48,49,50,51,52,53,54,55,56,57,58,59,60,61,62,63,64,65,66,67,68,69,70,71,72,73,74,75,76,77,78,79,80,81,82,83,84,85,86,87,88,89
weatheryear,2008.0,2002.0,2010.0,2006.0,2003.0,2003.0,2003.0,2008.0,2008.0,2008.0,2010.0,2002.0,2006.0,2006.0,2008.0,2003.0,2002.0,2006.0,2010.0,2006.0,2010.0,2002.0,2010.0,2008.0,2002.0,2003.0,2006.0,2008.0,2008.0,2006.0,2003.0,2002.0,2010.0,2010.0,2002.0,2006.0,2010.0,2006.0,2008.0,2002.0,2010.0,2006.0,2006.0,2008.0,2002.0,2003.0,2008.0,2003.0,2008.0,2006.0,2002.0,2008.0,2003.0,2003.0,2010.0,2008.0,2003.0,2003.0,2003.0,2006.0,2008.0,2002.0,2010.0,2010.0,2006.0,2010.0,2010.0,2010.0,2002.0,2003.0,2002.0,2002.0,2008.0,2010.0,2002.0,2006.0,2006.0,2002.0,2003.0,2010.0,2008.0,2003.0,2003.0,2006.0,2002.0,2010.0,2006.0,2008.0,2003.0,2002.0
c_hat [EUR/kWh],3.0,3.0,3.0,3.0,3.0,3.0,3.0,3.0,3.0,3.0,3.0,3.0,3.0,3.0,3.0,3.0,3.0,3.0,3.0,3.0,3.0,3.0,3.0,3.0,3.0,3.0,3.0,3.0,3.0,3.0,3.0,3.0,3.0,3.0,3.0,3.0,3.0,3.0,3.0,3.0,3.0,3.0,3.0,3.0,3.0,3.0,3.0,3.0,3.0,3.0,3.0,3.0,3.0,3.0,3.0,3.0,3.0,3.0,3.0,3.0,3.0,3.0,3.0,3.0,3.0,3.0,3.0,3.0,3.0,3.0,3.0,3.0,3.0,3.0,3.0,3.0,3.0,3.0,3.0,3.0,3.0,3.0,3.0,3.0,3.0,3.0,3.0,3.0,3.0,3.0
co2_cap [%],5.0,5.0,5.0,5.0,5.0,5.0,5.0,5.0,5.0,5.0,5.0,5.0,5.0,5.0,5.0,5.0,5.0,5.0,5.0,5.0,5.0,5.0,5.0,5.0,5.0,5.0,5.0,5.0,5.0,5.0,5.0,5.0,5.0,5.0,5.0,5.0,5.0,5.0,5.0,5.0,5.0,5.0,5.0,5.0,5.0,5.0,5.0,5.0,5.0,5.0,5.0,5.0,5.0,5.0,5.0,5.0,5.0,5.0,5.0,5.0,5.0,5.0,5.0,5.0,5.0,5.0,5.0,5.0,5.0,5.0,5.0,5.0,5.0,5.0,5.0,5.0,5.0,5.0,5.0,5.0,5.0,5.0,5.0,5.0,5.0,5.0,5.0,5.0,5.0,5.0
eta1 [-],0.5,0.5,0.5,0.5,0.5,0.5,0.5,0.5,0.5,0.5,0.5,0.5,0.5,0.5,0.5,0.5,0.5,0.5,0.5,0.5,0.5,0.5,0.5,0.5,0.5,0.5,0.5,0.5,0.5,0.5,0.5,0.5,0.5,0.5,0.5,0.5,0.5,0.5,0.5,0.5,0.5,0.5,0.5,0.5,0.5,0.5,0.5,0.5,0.5,0.5,0.5,0.5,0.5,0.5,0.5,0.5,0.5,0.5,0.5,0.5,0.5,0.5,0.5,0.5,0.5,0.5,0.5,0.5,0.5,0.5,0.5,0.5,0.5,0.5,0.5,0.5,0.5,0.5,0.5,0.5,0.5,0.5,0.5,0.5,0.5,0.5,0.5,0.5,0.5,0.5
eta2 [-],0.7,0.5,0.85,0.95,0.7,0.4,0.4,0.85,0.95,0.3,0.7,0.5,0.95,0.95,0.5,0.7,0.4,0.3,0.3,0.85,0.4,0.7,0.95,0.85,0.85,0.5,0.3,0.5,0.7,0.5,0.95,0.4,0.5,0.7,0.7,0.5,0.95,0.7,0.4,0.3,0.7,0.85,0.3,0.95,0.4,0.3,0.3,0.3,0.85,0.5,0.85,0.3,0.7,0.5,0.4,0.4,0.95,0.4,0.95,0.4,0.4,0.85,0.4,0.3,0.7,0.3,0.95,0.85,0.7,0.85,0.95,0.3,0.95,0.5,0.95,0.4,0.85,0.95,0.85,0.5,0.7,0.5,0.85,0.7,0.5,0.85,0.4,0.5,0.3,0.3
tau [n_days],30.0,30.0,30.0,30.0,30.0,30.0,30.0,30.0,30.0,30.0,30.0,30.0,30.0,30.0,30.0,30.0,30.0,30.0,30.0,30.0,30.0,30.0,30.0,30.0,30.0,30.0,30.0,30.0,30.0,30.0,30.0,30.0,30.0,30.0,30.0,30.0,30.0,30.0,30.0,30.0,30.0,30.0,30.0,30.0,30.0,30.0,30.0,30.0,30.0,30.0,30.0,30.0,30.0,30.0,30.0,30.0,30.0,30.0,30.0,30.0,30.0,30.0,30.0,30.0,30.0,30.0,30.0,30.0,30.0,30.0,30.0,30.0,30.0,30.0,30.0,30.0,30.0,30.0,30.0,30.0,30.0,30.0,30.0,30.0,30.0,30.0,30.0,30.0,30.0,30.0
c1,350.0,350.0,350.0,350.0,350.0,350.0,350.0,350.0,350.0,350.0,350.0,350.0,350.0,350.0,350.0,350.0,350.0,350.0,350.0,350.0,350.0,350.0,350.0,350.0,350.0,350.0,350.0,350.0,350.0,350.0,350.0,350.0,350.0,350.0,350.0,350.0,350.0,350.0,350.0,350.0,350.0,350.0,350.0,350.0,350.0,350.0,350.0,350.0,350.0,350.0,350.0,350.0,350.0,350.0,350.0,350.0,350.0,350.0,350.0,350.0,350.0,350.0,350.0,350.0,350.0,350.0,350.0,350.0,350.0,350.0,350.0,350.0,350.0,350.0,350.0,350.0,350.0,350.0,350.0,350.0,350.0,350.0,350.0,350.0,350.0,350.0,350.0,350.0,350.0,350.0
c2,350.0,350.0,350.0,350.0,350.0,350.0,350.0,350.0,350.0,350.0,350.0,350.0,350.0,350.0,350.0,350.0,350.0,350.0,350.0,350.0,350.0,350.0,350.0,350.0,350.0,350.0,350.0,350.0,350.0,350.0,350.0,350.0,350.0,350.0,350.0,350.0,350.0,350.0,350.0,350.0,350.0,350.0,350.0,350.0,350.0,350.0,350.0,350.0,350.0,350.0,350.0,350.0,350.0,350.0,350.0,350.0,350.0,350.0,350.0,350.0,350.0,350.0,350.0,350.0,350.0,350.0,350.0,350.0,350.0,350.0,350.0,350.0,350.0,350.0,350.0,350.0,350.0,350.0,350.0,350.0,350.0,350.0,350.0,350.0,350.0,350.0,350.0,350.0,350.0,350.0
transmission,1.0,1.0,1.0,1.0,1.0,1.0,1.0,1.0,1.0,1.0,1.0,1.0,1.0,1.0,1.0,1.0,1.0,1.0,1.0,1.0,1.0,1.0,1.0,1.0,1.0,1.0,1.0,1.0,1.0,1.0,1.0,1.0,1.0,1.0,1.0,1.0,1.0,1.0,1.0,1.0,1.0,1.0,1.0,1.0,1.0,1.0,1.0,1.0,1.0,1.0,1.0,1.0,1.0,1.0,1.0,1.0,1.0,1.0,1.0,1.0,1.0,1.0,1.0,1.0,1.0,1.0,1.0,1.0,1.0,1.0,1.0,1.0,1.0,1.0,1.0,1.0,1.0,1.0,1.0,1.0,1.0,1.0,1.0,1.0,1.0,1.0,1.0,1.0,1.0,1.0
nnodes,37.0,37.0,37.0,37.0,37.0,37.0,37.0,37.0,37.0,37.0,37.0,37.0,37.0,37.0,37.0,37.0,37.0,37.0,37.0,37.0,37.0,37.0,37.0,37.0,37.0,37.0,37.0,37.0,37.0,37.0,37.0,37.0,37.0,37.0,37.0,37.0,37.0,37.0,37.0,37.0,37.0,37.0,37.0,37.0,37.0,37.0,37.0,37.0,37.0,37.0,37.0,37.0,37.0,37.0,37.0,37.0,37.0,37.0,37.0,37.0,37.0,37.0,37.0,37.0,37.0,37.0,37.0,37.0,37.0,37.0,37.0,37.0,37.0,37.0,37.0,37.0,37.0,37.0,37.0,37.0,37.0,37.0,37.0,37.0,37.0,37.0,37.0,37.0,37.0,37.0
tres,3.0,3.0,3.0,3.0,3.0,3.0,3.0,3.0,3.0,3.0,3.0,3.0,3.0,3.0,3.0,3.0,3.0,3.0,3.0,3.0,3.0,3.0,3.0,3.0,3.0,3.0,3.0,3.0,3.0,3.0,3.0,3.0,3.0,3.0,3.0,3.0,3.0,3.0,3.0,3.0,3.0,3.0,3.0,3.0,3.0,3.0,3.0,3.0,3.0,3.0,3.0,3.0,3.0,3.0,3.0,3.0,3.0,3.0,3.0,3.0,3.0,3.0,3.0,3.0,3.0,3.0,3.0,3.0,3.0,3.0,3.0,3.0,3.0,3.0,3.0,3.0,3.0,3.0,3.0,3.0,3.0,3.0,3.0,3.0,3.0,3.0,3.0,3.0,3.0,3.0
CO2 price [EUR],103.438,117.152,98.052,104.115,110.388,117.776,254.383,237.532,234.519,246.962,381.686,358.794,364.42,254.655,246.082,251.151,358.855,366.876,383.169,258.045,116.812,244.993,257.184,97.194,105.288,371.876,124.338,111.155,341.816,123.303,368.269,248.189,267.138,265.365,357.678,263.636,381.245,113.603,345.378,117.192,104.773,365.514,263.742,93.423,117.191,117.773,113.252,254.413,339.374,366.851,238.252,345.381,370.421,116.512,267.166,246.915,99.746,372.031,242.835,124.338,113.253,356.544,383.279,116.809,365.634,267.17,93.934,381.373,111.06,369.714,100.838,358.853,338.122,113.531,234.161,263.777,107.78,355.236,103.723,383.127,241.67,254.34,245.831,261.624,247.976,260.841,366.876,345.497,372.03,248.198
c_sys [bEUR],131.494,136.833,140.94,136.443,139.022,139.346,358.867,348.401,347.653,349.783,686.735,659.289,662.649,356.563,349.75,358.516,659.28,665.271,687.345,357.138,142.062,354.444,367.974,131.057,136.396,668.583,138.077,131.834,644.988,138.067,664.648,354.843,369.275,369.156,658.704,358.057,684.592,137.528,646.147,136.833,141.528,663.605,358.063,130.693,136.833,139.346,131.862,358.853,643.677,665.271,353.75,646.136,667.543,139.332,369.277,349.797,138.084,668.636,356.988,138.077,131.862,657.506,687.313,142.062,664.658,369.274,140.474,685.689,136.723,666.026,136.078,659.279,642.527,142.012,353.073,358.053,136.902,656.343,138.519,687.313,349.196,358.86,357.776,357.675,354.822,368.593,665.271,646.012,668.636,354.843
X Discharge,4.89,0.014,9.235,13.07,4.593,0.0,0.002,13.856,22.212,0.0,4.577,0.045,19.883,18.539,0.792,4.304,0.0,0.0,0.002,9.936,0.0,3.697,17.879,8.685,6.91,0.661,0.0,1.092,6.982,0.577,27.014,0.003,0.004,2.839,5.446,0.215,23.65,5.572,0.004,0.0,5.384,11.867,0.001,12.592,0.0,0.0,0.0,0.0,14.663,0.043,11.094,0.001,6.06,0.651,0.001,0.003,13.4,0.0,21.756,0.0,0.0,16.209,0.0,0.0,5.111,0.001,12.646,13.783,2.577,17.285,10.477,0.0,25.548,1.264,19.554,0.001,9.578,25.371,9.17,0.169,6.12,0.063,12.31,3.802,0.196,10.579,0.0,0.852,0.0,0.001
load_coverage [%],0.531,0.001,1.003,1.42,0.499,0.0,0.0,0.863,1.381,0.0,0.152,0.001,0.655,1.157,0.05,0.273,0.0,0.0,0.0,0.622,0.0,0.232,1.133,0.944,0.751,0.022,0.0,0.119,0.23,0.063,0.908,0.0,0.0,0.181,0.179,0.014,0.789,0.605,0.0,0.0,0.585,0.391,0.0,1.368,0.0,0.0,0.0,0.0,0.485,0.001,0.694,0.0,0.202,0.071,0.0,0.0,1.456,0.0,1.371,0.0,0.0,0.535,0.0,0.0,0.168,0.0,1.374,0.459,0.28,0.579,1.138,0.0,0.847,0.137,1.22,0.0,1.041,0.839,0.996,0.006,0.382,0.004,0.777,0.239,0.012,0.671,0.0,0.028,0.0,0.0
battery_load_coverage [%],1.747,3.093,1.042,2.014,2.616,3.067,2.719,2.13,1.926,2.373,3.082,3.917,3.905,2.717,2.341,2.66,3.908,4.516,3.248,2.96,1.959,2.581,1.648,1.473,2.428,4.586,3.401,1.966,3.533,3.324,3.761,2.805,1.964,1.888,3.711,3.202,2.701,2.725,3.673,3.102,1.295,4.119,3.204,1.175,3.102,3.068,2.032,2.7,3.359,4.515,2.38,3.67,4.387,3.022,1.96,2.39,1.836,4.594,2.191,3.398,2.03,3.5,3.23,1.959,4.34,1.957,0.704,2.908,2.795,4.042,2.135,3.908,3.067,1.777,2.192,3.188,2.355,3.321,2.177,3.23,2.234,2.719,2.469,3.123,2.783,1.776,4.516,3.638,4.594,2.806
G_discharge [GW],15.311,0.067,45.29,55.148,19.959,0.002,0.021,56.649,73.015,0.001,43.995,1.764,109.773,63.661,11.023,27.214,0.004,0.001,0.014,45.736,0.002,42.244,52.353,25.778,20.307,17.716,0.001,2.889,70.863,2.911,146.221,0.027,0.023,11.417,52.483,1.994,104.227,35.971,0.048,0.0,31.749,81.827,0.008,34.253,0.001,0.001,0.0,0.001,104.207,0.682,65.809,0.009,72.867,2.909,0.009,0.025,45.47,0.008,82.294,0.002,0.001,91.382,0.003,0.001,48.283,0.004,54.972,76.776,8.493,121.344,27.347,0.001,134.838,9.984,79.075,0.007,48.055,111.37,35.181,5.62,33.263,0.786,58.39,26.639,7.392,35.814,0.003,21.154,0.002,0.011
E [GWh],1012.436,3.582,1858.76,2610.781,1158.986,0.207,2.705,3719.336,4687.263,0.239,1290.579,26.973,4654.077,2832.719,281.319,1787.903,0.445,0.291,3.749,1953.209,0.149,1064.254,3395.339,1579.935,1481.221,508.457,0.181,259.318,3031.856,234.615,7442.286,2.757,2.715,883.183,1614.614,118.6,4597.953,2170.116,4.735,0.123,1369.746,3357.143,2.157,1895.289,0.137,0.172,0.151,0.324,4709.607,24.275,2593.901,2.396,3262.031,213.235,1.678,2.85,2251.699,0.415,4759.042,0.255,0.161,4034.428,0.425,0.173,2087.85,1.356,2158.021,3127.629,688.772,6258.014,1911.863,0.341,6514.217,375.545,3416.654,0.815,2512.703,5244.682,1863.988,94.112,1816.714,31.313,3594.595,1075.959,76.544,2542.347,0.386,491.065,0.293,2.61
G_charge [GW],18.375,0.074,37.719,47.17,20.707,0.003,0.028,52.827,76.266,0.002,26.326,0.374,75.607,65.771,5.202,23.315,0.005,0.002,0.036,40.447,0.003,16.058,67.045,29.245,28.196,5.589,0.002,5.145,40.546,3.144,111.433,0.031,0.039,14.624,24.261,1.559,96.841,25.052,0.058,0.001,26.094,49.907,0.016,40.4,0.002,0.002,0.002,0.003,66.733,0.334,39.558,0.022,38.216,3.493,0.02,0.035,49.363,0.005,79.754,0.004,0.003,60.26,0.005,0.002,27.032,0.012,47.691,62.391,11.765,81.737,39.657,0.003,102.984,7.669,63.376,0.01,37.388,86.954,36.78,1.482,28.371,0.482,52.19,19.735,1.227,45.805,0.004,7.424,0.003,0.02
G_battery [GW],25.41,45.766,15.616,30.146,37.853,45.021,95.083,72.169,65.197,87.006,164.524,224.845,200.493,91.277,81.837,93.085,226.156,252.628,187.66,101.682,28.908,92.358,55.876,21.442,35.02,239.894,50.512,28.262,185.292,49.41,191.252,113.748,67.779,64.492,200.768,113.442,142.191,40.427,198.341,45.841,19.33,216.631,114.021,17.412,45.843,45.028,29.119,94.953,172.292,252.164,81.84,198.369,229.333,44.252,67.755,86.977,25.675,241.913,74.54,50.509,29.118,181.354,187.811,28.915,233.105,67.741,10.874,153.887,41.079,207.863,30.318,226.147,155.744,26.237,75.271,113.985,35.047,170.133,31.297,185.239,75.711,94.886,85.769,109.594,110.195,59.84,252.628,195.101,241.918,113.756
E_battery [GWh],141.789,259.64,83.605,161.094,212.475,253.869,576.759,446.071,400.526,505.5,979.357,1257.193,1184.01,550.626,489.243,562.55,1261.49,1455.951,1075.004,605.848,161.748,549.048,346.599,118.849,198.922,1454.4,284.813,162.099,1096.305,278.099,1139.964,610.145,416.926,402.739,1160.902,659.675,838.627,223.032,1161.927,260.085,105.09,1264.493,661.478,93.883,260.093,253.917,167.574,576.422,1030.677,1454.449,504.361,1161.988,1375.757,249.644,416.774,505.321,146.732,1466.334,453.737,284.802,167.564,1075.215,1075.82,161.791,1356.418,416.749,55.98,912.057,232.641,1240.093,173.527,1261.447,928.223,145.743,459.218,661.405,189.789,1009.819,175.266,1067.818,467.733,575.93,516.934,644.085,599.754,377.327,1455.942,1145.385,1466.353,610.281
G_homebattery [GW],70.286,73.18,70.575,69.064,76.687,80.946,17.694,13.963,14.187,14.457,14.083,14.732,15.514,15.167,14.502,16.82,14.565,16.871,14.444,15.35,77.801,16.466,14.231,68.853,69.688,14.288,74.059,71.528,12.355,73.798,14.436,19.945,14.667,14.461,14.114,17.666,13.829,72.422,12.607,73.179,73.942,16.543,17.666,66.708,73.179,80.94,71.981,17.641,12.096,16.86,15.876,12.537,13.724,80.044,14.627,14.587,69.966,14.257,15.055,74.062,71.981,13.52,14.285,77.799,16.876,14.594,69.0,13.785,71.936,14.332,67.104,14.568,12.535,76.847,15.497,17.548,70.826,13.552,73.417,14.283,13.897,17.674,15.376,15.666,19.677,14.461,16.871,12.37,14.257,19.956
E_homebattery [GWh],375.253,421.069,383.7,386.253,452.42,479.597,87.711,62.946,64.343,63.364,75.495,75.671,87.111,74.821,63.741,84.77,75.179,93.183,78.066,77.663,458.403,77.781,70.57,364.54,379.156,76.012,430.877,381.668,56.806,429.272,78.788,90.314,75.174,74.08,72.689,85.366,74.022,415.918,58.043,421.122,416.603,91.292,85.454,348.816,421.123,479.561,384.54,87.46,54.853,93.154,76.739,57.828,73.837,475.251,75.023,63.894,398.143,75.825,76.89,430.891,384.543,69.281,77.464,458.392,92.818,74.926,368.145,75.069,405.011,78.129,358.507,75.196,57.668,448.145,75.222,84.982,400.706,69.151,429.716,77.415,62.382,87.632,79.425,78.8,88.703,72.225,93.178,56.948,75.827,90.265
G_PHS [GW],56.7,56.7,56.7,56.7,56.7,56.7,56.7,56.7,56.7,56.7,56.7,56.7,56.7,56.7,56.7,56.7,56.7,56.7,56.7,56.7,56.7,56.7,56.7,56.7,56.7,56.7,56.7,56.7,56.7,56.7,56.7,56.7,56.7,56.7,56.7,56.7,56.7,56.7,56.7,56.7,56.7,56.7,56.7,56.7,56.7,56.7,56.7,56.7,56.7,56.7,56.7,56.7,56.7,56.7,56.7,56.7,56.7,56.7,56.7,56.7,56.7,56.7,56.7,56.7,56.7,56.7,56.7,56.7,56.7,56.7,56.7,56.7,56.7,56.7,56.7,56.7,56.7,56.7,56.7,56.7,56.7,56.7,56.7,56.7,56.7,56.7,56.7,56.7,56.7,56.7
E_PHS [GWh],1407.69,1407.69,1407.69,1407.69,1407.69,1407.69,1407.69,1407.69,1407.69,1407.69,1407.69,1407.69,1407.69,1407.69,1407.69,1407.69,1407.69,1407.69,1407.69,1407.69,1407.69,1407.69,1407.69,1407.69,1407.69,1407.69,1407.69,1407.69,1407.69,1407.69,1407.69,1407.69,1407.69,1407.69,1407.69,1407.69,1407.69,1407.69,1407.69,1407.69,1407.69,1407.69,1407.69,1407.69,1407.69,1407.69,1407.69,1407.69,1407.69,1407.69,1407.69,1407.69,1407.69,1407.69,1407.69,1407.69,1407.69,1407.69,1407.69,1407.69,1407.69,1407.69,1407.69,1407.69,1407.69,1407.69,1407.69,1407.69,1407.69,1407.69,1407.69,1407.69,1407.69,1407.69,1407.69,1407.69,1407.69,1407.69,1407.69,1407.69,1407.69,1407.69,1407.69,1407.69,1407.69,1407.69,1407.69,1407.69,1407.69,1407.69
G_electrolysis [GW],0.0,0.0,0.0,0.0,0.0,0.0,75.683,61.212,53.768,77.448,782.613,797.37,847.111,67.774,76.732,71.12,797.501,859.282,793.451,74.837,0.0,67.077,62.905,0.0,0.0,820.927,0.0,0.0,761.93,0.0,787.47,70.598,83.942,80.236,789.403,84.718,755.323,0.0,778.48,0.0,0.0,850.99,84.948,0.0,0.0,0.001,0.0,75.77,755.163,859.225,62.868,778.459,804.605,0.0,83.966,77.48,0.0,823.833,53.474,0.001,0.0,775.341,793.36,0.0,853.47,83.99,0.001,768.349,0.0,794.005,0.001,797.501,747.155,0.0,56.489,84.956,0.0,769.778,0.001,793.19,70.237,75.591,63.287,80.087,70.675,71.144,859.282,775.905,823.831,70.599
E_H2 [GWh],0.074,0.054,0.076,0.065,0.076,0.077,767.652,542.921,492.011,953.544,5718.372,5785.425,7270.359,521.093,893.909,655.382,5789.522,8154.941,5876.302,595.884,0.049,663.255,597.74,0.072,0.075,6540.14,0.082,0.07,7139.315,0.078,6019.536,721.158,1047.322,881.615,5684.235,954.564,5305.913,0.078,7645.986,0.058,0.065,7521.842,967.213,0.065,0.059,0.078,0.065,769.777,6982.779,8147.911,596.178,7646.675,6185.313,0.075,1047.986,953.926,0.067,6514.436,422.108,0.082,0.055,5549.228,5868.666,0.082,7776.479,1049.013,0.084,5523.393,0.076,6024.038,0.087,5789.71,6892.744,0.074,539.856,968.526,0.076,5467.567,0.08,5879.129,672.341,766.051,511.051,768.555,725.213,684.694,8155.012,7645.713,6514.617,721.144
avail_onwind [MWh],165671222.761,136968577.182,169115959.134,150682779.806,167150227.407,163466387.915,340198085.237,424898331.297,428067149.833,406769805.088,845745166.033,949251589.913,855574456.339,345152844.623,409268596.847,344549494.566,950098527.838,844341649.426,840473702.952,341178138.56,150024010.606,402749216.271,405996462.544,168839766.661,145500744.371,852779244.062,132548699.527,160808728.648,982890774.107,133595896.915,872647371.561,391532176.505,385491033.838,390553303.28,958933436.655,333850931.633,856343544.716,144266329.736,980118430.922,136995891.773,162720257.496,853723822.404,333364488.231,171015643.97,136995912.206,163473004.661,159222167.554,340259522.565,988386594.266,844710875.175,415261612.572,979982533.38,853705134.929,163315368.698,385496240.498,406841616.08,171261419.758,852264129.222,356672846.549,132548704.522,159222617.722,966600505.934,840398229.388,150024061.883,849098019.457,385513891.775,172592283.777,849229296.664,140836190.583,864336862.403,148437701.646,950099312.508,993609238.881,152435705.853,419171786.415,333356851.043,148177413.678,966769308.354,169808553.068,840876971.144,417771089.943,340313736.032,351145647.552,337617916.132,392351942.574,401345003.5,844340214.271,980021674.448,852263972.483,391522898.084
avail_offwind [MWh],296686643.151,291776169.281,281771183.958,267005733.399,237479569.225,237284549.731,349191068.466,387563941.369,390667424.464,385766486.536,652467977.539,526073782.628,526202875.591,370900917.276,385391857.812,349444097.056,525362272.958,520061592.956,646869010.812,369973004.337,283775383.214,374250233.75,379398854.628,294626347.161,292680587.715,455392423.355,275978723.146,299675276.472,556876170.879,275786920.234,469384506.684,373924509.872,379036666.73,378227054.371,529370607.903,366932969.087,657647118.039,271316714.937,560510658.306,291683882.402,282937264.831,523720980.934,366936334.925,294533716.422,291682658.3,237278284.82,299832874.999,349163479.035,560601102.908,519978760.549,374524744.255,560681400.516,464331072.174,237707660.577,379040830.122,385705589.942,239504777.938,455239069.839,349915276.975,275977659.784,299833665.532,531657790.396,646743010.019,283772129.723,519985245.6,379030816.046,281518199.562,657121179.573,293328167.357,469664807.926,292176976.515,525362023.353,563684803.575,284392788.908,375850170.956,366981461.375,268449919.217,532702950.738,237821627.608,646778716.766,386265780.387,349181071.307,350292811.828,367686606.594,374038825.821,377834883.987,520059649.89,560245259.979,455238592.047,373931324.367
avail_solar [MWh],273874997.588,308940420.783,280649551.202,324297532.366,339739936.139,343894724.931,613078721.583,509326850.495,505860693.757,518276313.876,961611007.384,1017790473.015,1123848334.525,608408788.975,518048631.295,610651933.24,1017816770.728,1125961218.241,962901252.998,608347582.032,295591284.431,542624028.034,516298387.476,272548399.315,301056516.725,1158285302.512,332889683.977,276266110.55,937278218.522,331942374.086,1136607716.413,548369541.906,527143609.114,525025385.026,1009849590.866,612867218.818,956949967.939,325573908.289,927604380.757,309014646.033,285513377.699,1124598382.807,613139976.433,271351257.805,309015675.471,343895550.942,277674431.268,613046600.489,932017681.781,1125833387.792,537575887.536,927540439.859,1152291231.17,343461762.625,527129086.831,518340912.219,333065188.766,1158189634.613,609527000.167,332890607.503,277673305.627,1005119872.104,963043475.908,295594238.19,1128499599.22,527126230.285,277489403.917,960654345.225,303856549.711,1141971640.06,298901803.157,1017810626.826,927106727.123,292868527.899,537960712.329,613112625.165,324801515.76,1003605245.648,335716862.442,962920665.627,513362724.813,613046760.246,609362801.918,610594024.185,548135262.986,519340665.964,1125963144.681,929404773.221,1158190694.859,548377387.23
used_onwind [MWh],152466091.844,115248120.489,158181392.294,139636516.435,147699110.013,135322709.312,317189829.991,412601416.904,417118073.846,387870817.337,809071401.831,912554638.37,830446623.837,330494889.914,390900184.561,327708662.24,914207306.473,815869370.197,802295049.724,325560886.956,131344096.821,381565659.342,387625855.295,157197444.902,129755629.482,816597219.057,113485252.812,141955725.697,961061886.265,116264986.26,843791322.883,366251402.68,360013002.912,367870227.789,926629832.804,312817689.624,822606831.314,132511717.62,956238699.509,115464906.514,150917454.989,828255688.341,311838274.664,159429582.554,115409774.927,135296739.11,137205281.793,316644370.089,967593614.519,816507169.411,396516809.412,956271037.095,822446620.368,137612948.109,359908876.699,387631172.67,155820147.672,815942693.852,342779126.887,113345159.713,137043231.731,936073663.176,802774016.702,131323510.734,822620190.098,359924223.08,162271476.116,814280273.922,123358622.748,835182920.123,133110013.346,914294807.758,971708324.099,136891338.276,400388023.049,311843235.472,137247170.677,936463447.35,153336830.524,802790816.091,403219633.338,317451889.606,336399457.202,320563255.638,367500885.011,381585908.716,816016870.584,958597131.606,816010617.795,366304201.538
used_offwind [MWh],285837189.308,277617487.034,274113886.948,257032680.626,225286530.05,223317028.551,340314622.854,381340958.65,385539753.21,376015103.068,632878648.251,508828880.176,513626825.163,363354096.654,378009558.513,341047947.973,505616771.908,504820375.828,630800170.685,361363692.278,272299998.426,365232349.51,370092425.901,285561926.019,281146506.358,439957726.578,259111605.809,287165735.361,541704034.608,259167541.081,454032326.876,364449002.045,369072846.285,366672438.488,509106254.286,357489473.476,640040915.318,258836290.054,545710535.182,277340363.825,273959268.467,509977264.083,357260105.478,286691050.083,277381593.852,223331751.336,286796751.504,338793512.103,546523912.674,504464542.475,363911399.771,545492175.798,447276231.295,223811830.428,368601482.545,377992312.722,229967046.583,437752363.951,342387128.723,259209101.894,286872800.836,513418606.423,627009088.713,272317035.042,505589664.572,368141495.819,274559144.627,638390481.842,279898103.782,453859562.994,282031457.308,505581018.06,553695035.691,273666170.364,366081347.701,355800525.012,257748061.162,516039181.003,227409942.485,628942681.398,379735778.792,340493008.66,341975443.301,358150778.164,364787614.748,368502866.441,504693882.782,541818177.641,437664077.177,364595906.306
used_solar [MWh],267751980.748,300659367.42,275222723.529,317468872.876,331334594.237,334946449.225,603100818.04,501118506.106,498794144.486,508536192.419,948521782.733,998057428.571,1101479098.741,597468281.168,507682148.608,601898053.887,998675485.142,1101872254.092,948199153.429,596823031.363,288852873.067,531969861.301,511299094.189,266908201.733,294136495.109,1139277484.415,322983657.846,269601171.102,923135047.934,322184355.381,1120921695.22,537417371.29,519783186.491,519044956.17,991055507.988,599072939.694,944761795.18,317422871.215,912337270.583,300693180.408,279662236.646,1101083990.638,599317258.463,266328883.538,300702570.749,334951476.338,270913738.755,604205287.743,917947771.65,1101743876.249,528974666.517,912431502.775,1134681677.58,334585791.974,520076378.136,507847500.908,326366772.985,1139751560.06,603212578.814,323013711.356,270976048.712,987202850.925,950085595.312,288854643.832,1104483897.564,520287638.687,272589773.354,947863192.486,296049678.211,1125473414.524,292637688.517,998655915.856,913647663.474,286327628.122,530091437.662,599956989.253,317430118.161,987432160.93,328380835.941,949390830.84,504093291.24,603006773.646,602147949.23,597764974.019,536997349.405,513629719.633,1101854925.556,915210787.707,1139779831.096,537211253.832
gas_OCGT_gen [MWh],42737575.8,32137460.7,29483939.1,32202621.6,21770310.3,24280618.2,9970871.1,9053057.1,8170421.1,12455655.9,4027390.5,7575009.3,3565863.0,4156975.8,12069033.3,8001180.3,7684685.7,11081915.7,6072255.9,5575860.0,32376436.2,6809265.0,5874294.3,41288943.0,30682412.4,7765220.7,35838913.5,42716862.0,10704171.9,35455866.6,913236.9,8460116.7,10063779.0,8817486.6,5454743.1,7405289.7,1939407.3,34013976.0,13637216.4,32146911.6,31861678.5,4474191.3,7551841.5,40997549.7,32147097.9,24280158.0,42721191.0,9972237.0,9051199.8,11028054.3,6121975.8,13645546.8,4468366.5,24053526.9,10055163.6,12451232.4,17315355.9,8917463.1,5439930.0,35839805.7,42721500.0,4709063.4,6077073.3,32375220.0,5960184.3,10049684.4,27390489.0,2847787.2,31489804.8,1899431.7,29756750.7,7685067.3,7135897.2,32191124.7,5699489.4,7558109.7,33845970.3,3744135.9,19313090.7,5686117.5,10316265.3,9908421.6,6364674.9,6261276.0,8132563.8,6897732.6,11081891.1,13151164.8,8918101.5,8462814.9
gas_CCGT_gen [MWh],154415925.9,169411478.4,173165064.6,169319189.1,184076959.8,180525847.2,6969479.4,15850540.8,16481753.4,15283275.9,383337.6,1775128.8,548766.3,16106292.6,15058992.6,7406066.7,1750752.6,604386.0,423658.2,16229645.7,169073480.4,14593455.0,10112050.2,156465251.7,171469765.8,585413.1,164175007.8,154445343.6,1864838.1,164716927.8,269762.4,14429132.4,9763507.5,10024623.3,1814232.3,15399047.4,104865.6,166756660.5,2275226.4,169398039.3,169801526.7,557695.2,15394997.4,156877510.8,169397821.8,180526534.5,154439370.3,6958701.6,1664081.1,604651.2,15168335.7,2277387.3,533872.5,180846959.1,9766776.3,15306770.7,190379244.3,589264.5,8220221.4,164173636.5,154438977.0,1279050.6,405863.4,169074822.3,578733.3,9766034.7,176126255.7,242994.9,170327463.6,376418.1,172778900.4,1750758.6,1478391.3,169335330.3,14011155.6,15406395.3,166994296.8,314575.8,187552857.0,408849.0,15154035.9,6961619.1,7467878.7,15915626.4,14348936.4,10416534.3,604416.6,2412981.6,589270.2,14425802.4
coal_gen [MWh],136.8,101.4,123.6,126.9,140.4,122.7,1984.8,1367.1,1372.2,201.0,231.9,1201.5,484.5,2033.4,2159.1,954.0,235.5,171.6,2414.4,1124.7,96.0,2110.8,252.0,122.7,114.3,1075.8,139.8,120.9,240.3,131.1,202.5,1901.7,1134.3,168.9,200.1,2112.9,237.0,135.0,2223.0,118.8,111.3,185.4,1835.1,120.3,105.6,108.9,87.0,265.2,220.2,190.8,247.8,1456.2,209.7,162.9,1406.1,1835.7,108.6,196.2,163.5,167.4,87.6,225.9,218.4,154.5,231.9,1178.4,174.3,216.0,129.3,227.4,147.0,210.0,1611.3,136.2,196.8,498.6,140.1,233.4,179.1,693.3,1465.8,1260.6,155.1,950.4,2065.5,511.2,201.0,262.5,186.6,2317.2
nuclear_gen [MWh],643.2,588.6,797.1,529.8,920.4,750.9,40675.2,38417.7,24466.8,6698.7,36808893.9,22512720.3,21215631.9,36513.3,30808.8,18102.6,22451500.5,21513784.5,45200095.2,29128.8,542.4,60776.4,14148.6,679.5,651.6,21023507.4,765.9,552.9,21947931.6,800.4,20784764.7,98987.4,91206.3,15715.8,25962400.5,69243.6,25231400.7,556.8,22122606.0,592.8,584.1,21414255.0,65074.8,677.7,534.3,936.9,631.8,6713.4,21970355.4,21515421.0,7228.5,22102946.7,21063512.1,799.2,152026.5,40303.2,626.4,20956986.3,2960.7,1017.9,570.0,21665077.2,45118274.7,924.6,21579809.4,109606.8,884.7,29152274.1,781.8,20981941.5,815.4,22458295.2,21668606.1,870.3,3668.1,29117.4,685.8,21506078.7,1030.8,44415498.3,33745.5,19376.4,2891.7,23880.9,43089.6,29060.7,21514228.8,22081504.2,20955793.2,74403.3
gas_CHP_CC_gen [MWh],-0.0,-0.0,-0.0,-0.0,-0.0,-0.0,350101526.7,346627299.0,339815052.0,362149774.2,492.9,2293.5,1234.5,346486086.0,362082699.9,346864992.0,570.9,348.0,5352.9,351355663.5,-0.0,343688478.3,341713553.4,-0.0,-0.0,1906.2,-0.0,-0.0,440.1,-0.0,460.8,346420363.5,358812638.1,355567276.8,434.4,358705554.0,554.1,-0.0,4435.8,-0.0,-0.0,467.4,358870621.2,-0.0,-0.0,-0.0,-0.0,350185360.2,361.8,491.1,339692275.5,2525.1,578.1,-0.0,358807208.1,362133933.3,-0.0,505.5,331936524.0,-0.0,-0.0,489.6,554.1,-0.0,597.3,358831463.1,-0.0,460.8,-0.0,578.1,-0.0,395.4,3069.0,-0.0,335104693.5,358910227.5,-0.0,523.2,-0.0,1618.5,355905702.6,350054106.9,340085185.5,355430129.1,346546181.4,347899025.1,392.1,609.6,530.7,346421628.0
gas_CHP_gen [MWh],-0.0,-0.0,-0.0,-0.0,-0.0,-0.0,49816280.4,46775130.0,43832934.6,52688490.9,53851399.8,59240578.8,59259313.5,56333864.1,52800604.8,47752242.0,59206776.3,68165838.9,57302000.4,58071015.9,-0.0,60328855.8,53095611.9,-0.0,-0.0,44907098.7,-0.0,-0.0,40686094.2,-0.0,22289753.1,60451559.7,62529713.1,61762358.7,54711733.2,62387690.4,36723893.4,-0.0,49208325.9,-0.0,-0.0,63906347.4,62452093.5,-0.0,-0.0,-0.0,-0.0,49798661.7,34505342.4,68172352.2,53121126.3,49209105.0,40776483.0,-0.0,62544429.9,52669541.4,-0.0,45228147.0,38181574.8,-0.0,-0.0,43747326.3,57325178.7,-0.0,67994432.4,62554861.5,-0.0,44833620.0,-0.0,29740434.9,-0.0,59205642.6,28687675.5,-0.0,48407983.2,62428420.2,-0.0,38005924.2,-0.0,57580682.1,51425533.5,49767994.5,43069202.4,60857972.7,61016018.7,57310377.6,68166068.7,48897596.1,45227762.1,60451146.0
biomass_CHP_CC_gen [MWh],-0.0,-0.0,-0.0,-0.0,-0.0,-0.0,-0.0,-0.0,-0.0,-0.0,3697.2,119851.2,4470189.3,-0.0,-0.0,-0.0,87575.4,10368503.4,40644.6,-0.0,-0.0,-0.0,-0.0,-0.0,-0.0,13935.3,-0.0,-0.0,551340.9,-0.0,2715.3,-0.0,-0.0,-0.0,115124.4,-0.0,3708.3,-0.0,3753478.8,-0.0,-0.0,6194682.3,-0.0,-0.0,-0.0,-0.0,-0.0,-0.0,4627.8,10359681.6,-0.0,3753252.6,2861.7,-0.0,-0.0,-0.0,-0.0,2612.1,-0.0,-0.0,-0.0,340910.4,3776.1,-0.0,8375252.4,-0.0,-0.0,3516.0,-0.0,3023.1,-0.0,87840.0,34718.4,-0.0,-0.0,-0.0,-0.0,535520.1,-0.0,12476.4,-0.0,-0.0,-0.0,-0.0,-0.0,-0.0,10368115.5,3523762.2,2504.1,-0.0
biomass_CHP_gen [MWh],-0.0,-0.0,-0.0,-0.0,-0.0,-0.0,-0.0,-0.0,-0.0,-0.0,139396254.9,139683336.6,134254341.9,-0.0,-0.0,-0.0,139716979.8,127675421.7,139197385.8,-0.0,-0.0,-0.0,-0.0,-0.0,-0.0,139759749.6,-0.0,-0.0,138625395.9,-0.0,140842267.5,-0.0,-0.0,-0.0,139946736.0,-0.0,140130389.4,-0.0,135054004.2,-0.0,-0.0,132330840.9,-0.0,-0.0,-0.0,-0.0,-0.0,-0.0,139406399.4,127685262.9,-0.0,135054126.9,140051475.6,-0.0,-0.0,-0.0,-0.0,139716137.1,-0.0,-0.0,-0.0,140222735.7,139236262.5,-0.0,129898668.9,-0.0,-0.0,139805327.1,-0.0,140526505.5,-0.0,139716733.5,139668252.9,-0.0,-0.0,-0.0,-0.0,140365421.1,-0.0,139226983.8,-0.0,-0.0,-0.0,-0.0,-0.0,-0.0,127675856.1,135309962.1,139716219.0,-0.0
onwind_gen [MWh],457398275.4,345744361.5,474544176.9,418909549.2,443097330.0,405968127.9,951569490.0,1237804250.7,1251354221.4,1163612451.9,2427214205.4,2737663915.2,2491339871.4,991484669.7,1172700553.8,983125986.6,2742621919.5,2447608110.6,2406885149.1,976682661.0,394032290.4,1144696977.9,1162877565.9,471592334.7,389266888.5,2449791657.3,340455758.4,425867177.1,2883185658.9,348794958.9,2531373968.7,1098754208.1,1080039008.7,1103610683.4,2779889498.4,938453068.8,2467820493.9,397535152.8,2868716098.5,346394719.5,452752365.0,2484767064.9,935514824.1,478288747.8,346229324.7,405890217.3,411615845.4,949933110.3,2902780843.5,2449521508.2,1189550428.2,2868813111.3,2467339861.2,412838844.3,1079726630.1,1162893518.1,467460443.1,2447828081.7,1028337380.7,340035479.1,411129695.1,2808220989.6,2408322050.1,393970532.1,2467860570.3,1079772669.3,486814428.3,2442840821.7,370075868.1,2505548760.3,399330039.9,2742884423.4,2915124972.3,410674014.9,1201164069.0,935529706.5,411741512.1,2809390342.2,460010491.5,2408372448.3,1209658899.9,952355668.8,1009198371.6,961689766.8,1102502655.0,1144757726.1,2448050611.8,2875791394.8,2448031853.4,1098912604.5
offwind_gen [MWh],857511567.9,832852461.0,822341660.7,771098041.8,675859590.0,669951085.8,1020943868.7,1144022875.8,1156619259.6,1128045309.3,1898635944.9,1526486640.6,1540880475.6,1090062290.1,1134028675.5,1023143844.0,1516850315.7,1514461127.4,1892400512.1,1084091076.9,816899995.2,1095697048.5,1110277277.7,856685778.0,843439519.2,1319873179.8,777334817.4,861497206.2,1625112103.8,777502623.3,1362096980.7,1093347006.0,1107218538.9,1100017315.5,1527318762.9,1072468420.5,1920122745.9,776508870.3,1637131605.6,832021091.4,821877805.5,1529931792.3,1071780316.5,860073150.3,832144781.7,669995253.9,860390254.5,1016380536.3,1639571738.1,1513393627.5,1091734199.4,1636476527.4,1341828693.9,671435491.2,1105804447.5,1133976938.1,689901139.8,1313257092.0,1027161386.1,777627305.7,860618402.4,1540255819.2,1881027266.1,816951105.0,1516768993.8,1104424487.4,823677433.8,1915171445.4,839694311.4,1361578689.0,846094371.9,1516743054.3,1661085107.1,820998511.2,1098244043.1,1067401575.0,773244183.6,1548117543.0,682229827.5,1886828044.2,1139207336.4,1021479026.1,1025926329.9,1074452334.6,1094362844.1,1105508599.2,1514081648.4,1625454532.8,1312992231.6,1093787718.9
solar_gen [MWh],803255942.1,901978102.2,825668170.5,952406618.7,994003782.6,1004839347.6,1809464680.8,1503686597.7,1496622063.6,1526133569.4,2846219547.0,2994529078.2,3304453269.0,1792567188.0,1523813267.1,1805836426.8,2996343187.2,3305622309.3,2845336429.2,1790608351.2,866558619.3,1597126572.6,1536833719.2,800724605.1,882409485.3,3417941123.4,968950973.4,808803513.3,2770290150.3,966553066.2,3362858483.1,1613574877.2,1561942864.2,1560017640.3,2973632556.9,1797341091.0,2834830910.1,952268613.6,2738013466.5,902079541.2,838986709.8,3303258957.3,1798068988.5,798986650.5,902107712.1,1004854428.9,812741216.4,1812751178.4,2754825358.2,3305238398.4,1588025813.4,2738275970.7,3404138538.0,1003757376.0,1562823869.4,1524155797.8,979100319.0,3419338611.3,1809769402.8,969041134.2,812928146.1,2962148591.4,2850935517.9,866563931.4,3313459211.1,1563441050.7,817769320.2,2844253038.6,888149034.6,3376508514.6,877913065.5,2996283568.8,2742167218.2,858982884.3,1591114951.2,1799970075.9,952290354.6,2962807514.1,985142507.7,2848841125.2,1512974357.4,1809172983.6,1806549233.4,1793422214.4,1612305066.6,1543798666.2,3305570521.2,2746528740.6,3419424487.5,1612955487.9
hydro_gen [MWh],512861395.2,514001329.2,516167861.1,510546962.7,511336897.8,511420349.7,510859137.9,513492067.5,513253716.3,513719150.7,516340843.5,513955057.8,511154559.9,510408255.9,512862417.0,511357455.6,514638976.2,511227837.3,515171332.5,510649900.2,515855049.0,513738655.5,516401631.9,513093464.1,513927178.5,511106623.8,511018830.9,512756629.8,513739799.7,511002026.4,511898655.9,513954084.9,515521407.3,516372619.5,514600162.2,510183699.3,516398383.8,511090151.7,512974188.3,513957585.0,516089826.9,511372839.0,510241212.9,513213074.4,513968795.1,511433016.0,512641906.2,511684620.0,513738881.7,511278333.3,514556769.0,512847597.3,511933122.0,511433566.2,515797077.9,512915202.9,511585565.4,511902827.4,511875249.6,511054803.0,512704232.1,514608630.3,516322029.0,515860434.0,511307435.4,515920282.5,516224710.2,516365524.8,514033666.8,511917126.6,514007591.1,514578330.6,513181398.0,515919257.1,514621143.3,511101368.1,510643694.4,514608657.3,511568756.4,516019588.2,513010001.4,510687877.2,511860620.4,510645864.0,513783053.7,516214551.6,511217203.2,513743102.1,511911769.8,513773601.0
tot_gen [MWh],2825.724,2792.456,2838.387,2851.735,2827.32,2794.558,4709.359,4816.842,4825.753,4773.373,7921.974,8003.019,8070.847,4807.329,4784.52,4733.14,8000.84,8018.035,7907.088,4792.995,2792.743,4775.398,4733.967,2837.294,2827.505,7912.41,2795.712,2803.736,8005.551,2801.934,7952.963,4748.042,4703.172,4713.049,8022.789,4762.152,7942.51,2835.887,7981.65,2792.35,2829.141,8057.905,4759.676,2845.802,2792.344,2794.55,2792.309,4707.281,8016.266,8018.501,4796.713,7981.237,7931.767,2801.826,4702.659,4775.769,2852.034,7907.378,4760.527,2795.701,2792.272,8036.469,7903.844,2792.744,8043.48,4702.063,2844.734,7934.59,2810.112,7948.716,2836.208,8000.884,8028.766,2806.002,4807.369,4758.044,2846.214,8038.697,2842.723,7906.503,4806.825,4710.042,4750.149,4778.416,4751.599,4729.65,8018.036,7985.73,7907.409,4747.818
cap_onwind [GW],152.711,129.617,194.132,144.507,181.861,178.449,396.109,432.262,435.174,420.806,1091.531,1012.401,922.592,357.778,422.054,397.715,1013.184,908.479,1083.059,354.586,173.732,426.722,506.697,154.524,137.471,979.103,126.53,149.439,1012.446,127.475,1008.562,414.533,487.507,491.9,1024.221,347.74,1110.321,138.084,1011.436,129.645,187.059,919.478,347.338,155.486,129.645,178.461,148.897,396.151,1018.453,908.836,438.686,1011.284,979.086,178.031,487.504,420.878,185.253,977.916,407.287,126.53,148.897,1035.919,1082.923,173.732,912.915,487.535,197.964,1098.339,133.1,995.838,140.239,1013.183,1025.09,175.973,440.787,347.302,142.118,1037.088,184.602,1083.631,427.232,396.235,401.816,351.596,415.29,501.987,908.477,1009.525,977.914,414.532
cap_offwind [GW],197.803,204.172,212.942,187.713,175.098,175.336,266.684,262.666,264.691,261.615,474.444,365.749,371.843,267.764,261.389,266.716,365.298,367.635,470.672,267.038,214.795,266.307,294.908,195.919,204.323,337.786,195.118,200.368,366.698,194.927,347.519,266.137,295.0,294.337,367.98,265.207,478.087,191.234,368.662,204.097,213.953,370.104,265.211,195.575,204.096,175.328,200.369,266.667,368.998,367.582,266.377,368.764,345.052,175.574,295.002,261.581,176.805,337.667,266.718,195.117,200.37,369.533,470.572,214.792,367.587,294.993,212.68,477.701,205.251,348.745,203.721,365.298,371.353,215.286,267.18,265.239,188.872,370.246,175.292,470.59,261.882,266.676,267.095,265.58,266.248,293.842,367.634,368.46,337.666,266.142
cap_solar [GW],738.237,847.952,789.364,860.442,884.012,893.498,1599.867,1371.74,1360.901,1394.879,2662.027,2770.291,2906.905,1606.625,1394.769,1593.807,2770.071,2928.897,2666.141,1607.881,828.639,1496.597,1445.941,735.537,825.408,3000.689,880.009,742.66,2499.298,877.929,2934.276,1513.101,1479.977,1473.35,2746.115,1620.683,2642.968,863.572,2470.764,848.142,802.044,2913.911,1621.662,732.195,848.145,893.499,746.504,1599.748,2480.864,2928.508,1481.782,2470.584,2986.481,892.83,1479.923,1395.067,867.06,2999.697,1592.103,880.012,746.5,2730.58,2666.54,828.643,2932.466,1479.903,780.919,2655.69,834.283,2952.35,818.527,2770.056,2462.086,821.653,1480.918,1621.534,861.984,2721.255,874.394,2666.434,1382.546,1599.8,1591.188,1614.833,1512.246,1455.248,2928.899,2475.17,2999.702,1513.125
cap_hydro [GW],142.191,142.191,142.191,142.191,142.191,142.191,142.191,142.191,142.191,142.191,142.191,142.191,142.191,142.191,142.191,142.191,142.191,142.191,142.191,142.191,142.191,142.191,142.191,142.191,142.191,142.191,142.191,142.191,142.191,142.191,142.191,142.191,142.191,142.191,142.191,142.191,142.191,142.191,142.191,142.191,142.191,142.191,142.191,142.191,142.191,142.191,142.191,142.191,142.191,142.191,142.191,142.191,142.191,142.191,142.191,142.191,142.191,142.191,142.191,142.191,142.191,142.191,142.191,142.191,142.191,142.191,142.191,142.191,142.191,142.191,142.191,142.191,142.191,142.191,142.191,142.191,142.191,142.191,142.191,142.191,142.191,142.191,142.191,142.191,142.191,142.191,142.191,142.191,142.191,142.191
cap_gas_OCGT [GW],56.53,58.88,42.706,40.453,41.545,57.71,48.485,15.133,13.283,38.514,16.034,34.467,11.602,9.52,33.592,28.739,35.428,48.362,33.779,13.803,78.134,14.303,11.506,49.937,43.914,57.446,87.609,64.708,33.151,84.895,3.388,23.285,34.697,27.596,17.965,29.197,5.597,55.182,69.026,58.918,53.662,18.317,30.463,45.669,58.918,57.71,66.762,48.559,23.479,48.128,11.977,69.079,20.008,55.539,34.673,38.548,23.2,73.926,10.088,87.608,66.763,13.987,33.787,78.136,23.28,34.65,35.567,10.05,52.861,7.494,39.12,35.431,14.887,69.929,9.903,30.508,45.714,10.016,29.689,29.654,22.436,47.935,15.605,18.368,19.855,15.466,48.36,54.877,73.933,23.292
cap_gas_CCGT [GW],35.136,42.891,37.252,40.231,41.002,40.73,4.711,8.1,8.354,7.917,0.322,1.57,0.404,9.637,7.822,4.928,1.547,0.372,0.346,10.01,38.8,8.088,6.09,34.856,42.718,0.434,40.006,36.649,1.424,40.044,0.194,8.145,5.863,5.997,1.589,9.577,0.097,40.029,1.87,42.888,37.145,0.394,9.575,34.188,42.888,40.73,37.072,4.703,1.308,0.372,8.192,1.871,0.397,40.571,5.866,7.934,42.311,0.436,5.181,40.006,37.072,1.13,0.33,38.8,0.362,5.865,37.514,0.214,42.755,0.27,42.894,1.547,1.193,38.492,7.629,9.581,39.833,0.232,41.776,0.333,7.883,4.706,4.82,9.912,8.099,6.234,0.372,2.004,0.436,8.142
cap_coal [GW],0.0,0.0,0.0,0.0,0.0,0.0,0.001,0.001,0.0,0.0,0.0,0.001,0.0,0.001,0.001,0.0,0.0,0.0,0.002,0.0,0.0,0.001,0.0,0.0,0.0,0.001,0.0,0.0,0.0,0.0,0.0,0.001,0.0,0.0,0.0,0.001,0.0,0.0,0.001,0.0,0.0,0.0,0.001,0.0,0.0,0.0,0.0,0.0,0.0,0.0,0.0,0.001,0.0,0.0,0.001,0.001,0.0,0.0,0.0,0.0,0.0,0.0,0.0,0.0,0.0,0.001,0.0,0.0,0.0,0.0,0.0,0.0,0.001,0.0,0.0,0.0,0.0,0.0,0.0,0.0,0.0,0.0,0.0,0.0,0.001,0.0,0.0,0.0,0.0,0.001
cap_nuclear [GW],0.0,0.0,0.0,0.0,0.0,0.0,0.005,0.005,0.003,0.001,4.428,2.679,2.51,0.005,0.004,0.002,2.672,2.566,5.485,0.004,0.0,0.008,0.002,0.0,0.0,2.5,0.0,0.0,2.609,0.0,2.454,0.012,0.011,0.002,3.114,0.009,2.964,0.0,2.637,0.0,0.0,2.536,0.008,0.0,0.0,0.0,0.0,0.001,2.587,2.567,0.001,2.635,2.503,0.0,0.019,0.005,0.0,2.491,0.0,0.0,0.0,2.548,5.478,0.0,2.573,0.014,0.0,3.456,0.0,2.479,0.0,2.672,2.539,0.0,0.0,0.004,0.0,2.526,0.0,5.391,0.004,0.002,0.0,0.003,0.005,0.004,2.566,2.633,2.491,0.009
cap_gas_CHP_CC [GW],0.0,0.0,0.0,0.0,0.0,0.0,81.872,79.004,76.987,83.504,0.0,0.001,0.001,82.672,83.416,80.81,0.0,0.0,0.003,83.647,0.0,74.713,82.706,0.0,0.0,0.001,0.0,0.0,0.0,0.0,0.0,75.73,86.545,85.823,0.0,86.377,0.0,0.0,0.002,0.0,0.0,0.0,86.462,0.0,0.0,0.0,0.0,81.885,0.0,0.0,73.126,0.001,0.0,0.0,86.54,83.504,0.0,0.0,77.204,0.0,0.0,0.0,0.0,0.0,0.0,86.54,0.0,0.0,0.0,0.0,0.0,0.0,0.002,0.0,71.734,86.469,0.0,0.0,0.0,0.001,81.605,81.86,78.829,84.812,75.689,84.035,0.0,0.0,0.0,75.731
cap_gas_CHP [GW],0.0,0.0,0.0,0.0,0.0,0.0,60.45,56.039,51.735,63.266,82.771,82.296,77.044,59.112,63.496,57.31,82.222,95.794,88.996,62.874,0.0,67.94,56.206,0.0,0.0,75.402,0.0,0.0,60.842,0.0,30.781,69.273,70.155,69.533,73.033,70.857,50.459,0.0,75.751,0.0,0.0,84.744,70.976,0.0,0.0,0.0,0.0,60.449,51.585,95.785,58.415,75.745,65.057,0.0,70.176,63.247,0.0,75.323,42.287,0.0,0.0,57.77,89.057,0.0,94.564,70.191,0.0,64.858,0.0,41.741,0.0,82.221,42.636,0.0,53.698,70.952,0.0,52.653,0.0,90.072,62.705,60.409,50.241,67.568,69.961,62.906,95.794,75.176,75.323,69.271
cap_biomass_CHP_CC [GW],0.0,0.0,0.0,0.0,0.0,0.0,0.0,0.0,0.0,0.0,0.001,0.018,0.75,0.0,0.0,0.0,0.013,1.841,0.007,0.0,0.0,0.0,0.0,0.0,0.0,0.003,0.0,0.0,0.088,0.0,0.0,0.0,0.0,0.0,0.017,0.0,0.001,0.0,0.609,0.0,0.0,1.056,0.0,0.0,0.0,0.0,0.0,0.0,0.001,1.839,0.0,0.609,0.001,0.0,0.0,0.0,0.0,0.0,0.0,0.0,0.0,0.052,0.001,0.0,1.452,0.0,0.0,0.001,0.0,0.001,0.0,0.013,0.006,0.0,0.0,0.0,0.0,0.08,0.0,0.002,0.0,0.0,0.0,0.0,0.0,0.0,1.841,0.572,0.0,0.0
cap_biomass_CHP [GW],0.0,0.0,0.0,0.0,0.0,0.0,0.0,0.0,0.0,0.0,39.069,36.343,38.72,0.0,0.0,0.0,36.361,35.887,38.821,0.0,0.0,0.0,0.0,0.0,0.0,39.561,0.0,0.0,37.375,0.0,40.487,0.0,0.0,0.0,36.382,0.0,40.548,0.0,36.665,0.0,0.0,37.797,0.0,0.0,0.0,0.0,0.0,0.0,37.517,35.885,0.0,36.666,39.784,0.0,0.0,0.0,0.0,39.535,0.0,0.0,0.0,36.457,38.826,0.0,36.524,0.0,0.0,39.916,0.0,40.174,0.0,36.361,37.711,0.0,0.0,0.0,0.0,36.606,0.0,38.809,0.0,0.0,0.0,0.0,0.0,0.0,35.887,36.735,39.535,0.0
unintended_storage_cycling [%],0.018,1.092,0.003,0.015,0.022,27.327,23.304,0.013,0.009,55.774,0.025,1.763,0.052,0.06,0.139,0.019,42.886,58.759,64.675,0.077,17.742,0.109,0.006,0.014,0.038,0.268,42.57,0.019,0.003,0.069,0.018,27.85,9.75,0.014,0.007,0.994,0.011,0.016,25.896,50.051,0.002,0.02,45.747,0.011,31.125,50.575,43.753,49.327,0.001,0.64,0.009,46.984,0.02,0.049,29.972,20.828,0.013,39.88,0.001,22.965,23.683,0.003,43.878,48.214,0.02,59.356,0.003,0.014,0.055,0.017,0.026,62.96,0.008,0.011,0.006,28.361,0.017,0.003,0.016,0.544,0.026,0.771,0.002,0.078,0.655,0.013,36.288,0.026,70.02,45.802
sector,,,,,,,T-H,T-H,T-H,T-H,T-H-I-B,T-H-I-B,T-H-I-B,T-H,T-H,T-H,T-H-I-B,T-H-I-B,T-H-I-B,T-H,,T-H,T-H,,,T-H-I-B,,,T-H-I-B,,T-H-I-B,T-H,T-H,T-H,T-H-I-B,T-H,T-H-I-B,,T-H-I-B,,,T-H-I-B,T-H,,,,,T-H,T-H-I-B,T-H-I-B,T-H,T-H-I-B,T-H-I-B,,T-H,T-H,,T-H-I-B,T-H,,,T-H-I-B,T-H-I-B,,T-H-I-B,T-H,,T-H-I-B,,T-H-I-B,,T-H-I-B,T-H-I-B,,T-H,T-H,,T-H-I-B,,T-H-I-B,T-H,T-H,T-H,T-H,T-H,T-H,T-H-I-B,T-H-I-B,T-H-I-B,T-H
AL0 0 X Store,49.226,115.559,19.933,38.272,20.814,50.499,135.723,32.313,33.802,102.716,35.126,106.664,69.262,56.797,73.546,75.663,109.748,127.118,113.827,57.123,58.422,61.8,37.146,37.035,48.129,131.25,106.165,73.777,53.009,40.399,62.478,104.215,106.355,57.401,78.535,80.154,43.716,43.338,101.705,156.274,19.788,68.846,140.838,27.264,140.896,66.266,114.447,153.874,33.855,79.051,36.871,138.164,76.987,37.086,114.216,106.707,18.363,130.103,55.99,55.948,88.904,67.491,97.56,86.111,69.232,142.428,25.27,39.169,59.168,59.25,44.901,131.468,39.24,26.242,26.248,99.128,43.339,55.607,20.302,78.814,37.757,129.764,67.093,66.366,114.659,52.117,111.139,69.131,113.256,117.784
AT0 0 X Store,54.667,41.595,19.133,40.327,28.853,56.287,46.549,32.901,39.151,56.997,31.508,57.039,59.604,3.076,24.875,26.94,69.249,88.475,76.124,3.076,22.23,3.025,18.279,54.677,60.52,15.258,59.625,66.441,43.71,40.362,45.602,26.764,34.438,12.188,67.209,41.179,25.765,43.019,53.211,104.402,19.289,55.119,78.476,60.02,69.085,74.0,114.463,83.087,48.074,38.713,3.025,81.498,24.65,37.698,53.748,42.851,41.566,18.333,21.351,44.028,83.578,69.263,55.276,53.523,47.147,87.658,29.799,32.238,60.866,43.134,65.565,97.816,46.835,18.275,3.076,48.095,40.357,71.086,35.692,33.128,21.459,32.779,21.354,3.96,9.34,3.079,66.665,36.838,38.951,50.6
BA0 0 X Store,58.629,124.578,18.918,35.22,21.918,50.237,145.824,55.597,56.046,109.338,52.201,99.639,68.612,57.106,109.668,86.035,105.992,132.933,116.728,57.07,38.553,120.299,57.5,55.256,62.419,113.607,110.421,81.457,62.921,40.517,59.671,108.871,124.233,84.983,78.142,90.932,41.154,43.304,109.766,157.381,18.891,58.993,138.182,47.431,144.125,65.707,120.325,160.987,50.574,81.011,88.316,147.855,64.443,37.596,118.941,138.618,20.079,119.48,65.254,61.95,93.811,70.954,105.684,70.517,67.932,144.976,19.114,37.299,79.641,48.224,51.187,127.817,50.94,18.544,76.762,102.458,42.402,66.06,19.603,97.348,99.005,147.753,73.533,57.081,133.6,62.133,119.901,80.643,108.594,115.568
BE0 0 X Store,60.791,38.562,31.153,42.368,26.797,50.15,49.755,39.518,43.708,58.727,34.319,33.543,21.904,20.882,29.971,41.407,41.905,66.584,69.63,20.528,20.557,6.115,43.756,53.225,63.089,15.483,55.007,55.174,32.942,40.34,49.745,23.632,60.622,46.091,23.203,28.359,40.859,41.647,36.599,93.514,28.585,24.665,64.486,54.076,59.719,71.488,106.757,79.561,40.5,24.647,8.926,62.896,16.284,34.94,74.463,41.499,29.195,17.472,46.333,43.293,71.851,24.144,47.734,43.998,29.474,108.459,31.393,37.167,58.64,31.191,69.56,69.568,39.427,18.314,12.096,44.643,43.339,24.007,28.531,27.302,26.751,42.327,44.492,30.203,7.208,38.714,46.302,27.974,36.235,48.521
BG0 0 X Store,52.737,123.544,30.393,35.776,21.813,47.868,98.399,48.572,47.279,97.315,36.596,93.294,63.057,62.944,64.613,46.381,101.689,136.616,116.182,65.911,68.97,64.801,34.18,44.08,59.058,69.62,105.554,76.815,52.162,40.431,40.156,103.613,97.924,51.87,70.991,84.306,40.159,43.325,84.166,157.037,33.368,63.024,138.964,40.485,142.191,63.29,115.598,122.64,50.69,92.888,46.748,130.562,33.317,36.553,106.353,95.559,20.195,86.773,36.188,57.245,89.804,60.52,101.955,89.576,68.982,139.133,29.487,30.899,72.983,39.562,51.11,127.917,49.939,39.921,36.064,104.597,43.27,49.651,20.893,83.548,50.184,85.675,35.597,69.057,113.774,44.185,126.265,55.892,87.741,116.656
CH0 0 X Store,55.893,39.57,32.81,40.676,24.702,53.673,84.386,32.462,37.351,67.374,54.185,60.888,68.725,17.259,31.088,42.044,73.921,95.813,85.379,21.826,21.569,3.031,36.632,56.858,56.449,15.196,58.858,60.467,22.159,40.384,47.557,39.706,66.276,40.412,55.951,47.956,41.404,43.339,44.182,101.652,29.632,68.976,94.468,54.387,65.627,72.379,115.632,119.331,17.938,49.269,3.025,74.529,30.337,36.577,78.951,56.801,30.36,22.813,45.16,43.908,78.86,68.772,68.626,48.828,52.086,110.1,32.776,42.849,54.033,39.188,65.817,101.936,21.357,18.276,3.077,60.462,43.338,69.578,30.635,49.567,24.738,66.984,47.242,39.595,23.742,36.239,78.806,21.244,46.241,60.067
CZ0 0 X Store,50.359,40.785,19.155,40.383,24.659,54.608,58.842,44.412,50.078,67.232,38.249,47.34,60.664,36.169,41.916,26.903,62.36,94.054,82.14,43.964,24.197,16.773,18.245,44.587,56.949,20.283,74.746,66.488,44.651,40.185,29.255,39.756,42.764,15.332,59.417,47.571,28.82,40.335,52.828,107.742,18.898,56.802,94.084,46.693,71.462,69.752,117.841,92.571,44.772,42.159,12.388,82.162,42.804,39.949,58.001,59.505,24.807,34.306,21.836,43.397,84.653,55.771,62.879,57.162,47.892,91.601,28.397,36.75,51.407,27.267,59.921,93.871,47.862,18.284,18.496,62.204,40.408,50.367,25.5,40.827,43.38,39.338,26.159,44.416,26.078,4.86,71.114,44.405,53.493,59.348
DE0 0 X Store,52.513,39.471,31.203,40.327,30.007,53.069,48.407,40.547,46.628,56.718,18.884,30.1,22.694,9.737,29.899,31.63,41.31,56.479,64.004,8.103,20.845,6.094,24.378,53.729,60.523,15.271,55.435,61.318,33.163,40.32,43.393,27.523,48.152,30.726,29.714,15.034,36.551,40.327,39.276,95.824,27.758,20.133,63.477,57.286,60.329,72.721,102.723,84.08,41.473,15.492,5.593,66.225,15.304,39.188,64.006,42.088,35.855,18.103,41.187,43.491,76.879,46.609,39.469,45.147,18.24,97.823,33.446,29.298,61.496,32.049,67.578,69.057,47.995,18.311,9.381,37.199,40.327,53.25,33.858,19.453,22.926,33.005,37.957,4.117,12.15,25.74,30.363,29.215,40.881,51.684
DK0 0 X Store,45.634,32.286,42.245,43.632,41.569,37.97,43.932,81.436,84.606,67.568,53.998,63.318,14.557,24.956,49.825,35.128,74.886,62.258,82.08,19.85,19.739,10.603,44.016,51.951,40.817,15.252,72.691,55.208,57.359,31.902,50.253,30.002,40.685,26.713,31.136,15.46,38.749,35.078,78.449,80.59,36.576,11.491,68.242,59.462,48.332,56.757,91.889,71.857,57.153,16.922,42.036,113.316,18.79,24.62,49.51,56.9,60.391,15.889,58.492,38.315,76.488,36.808,71.725,43.495,13.995,83.105,51.644,40.014,31.398,39.847,49.628,101.085,58.623,18.805,48.643,36.699,42.698,44.987,54.702,56.992,47.168,38.392,42.548,3.125,15.644,40.334,41.269,61.03,35.079,53.377
DK3 0 X Store,47.359,24.011,29.092,59.722,55.989,102.892,20.139,43.406,44.211,52.578,14.111,63.669,14.008,18.804,16.184,18.021,75.375,78.867,56.367,13.858,19.306,9.15,39.121,47.911,24.978,29.416,166.953,61.797,23.358,133.091,47.716,12.714,24.479,27.391,26.556,16.659,29.72,96.906,30.219,89.506,23.815,10.484,69.198,46.989,49.996,101.776,102.185,52.402,33.06,26.358,28.505,49.352,37.546,80.165,31.608,33.998,49.802,52.068,55.916,133.992,75.448,28.179,33.882,46.786,12.291,65.065,34.61,17.998,24.092,49.655,28.439,95.756,45.3,18.331,35.939,36.154,71.214,33.18,55.515,20.187,31.273,8.789,35.919,3.612,3.029,35.324,55.753,13.228,70.048,41.367
EE6 0 X Store,36.996,19.659,25.24,39.287,51.747,96.804,33.843,49.01,51.979,55.198,37.966,27.692,33.397,34.661,26.122,16.0,27.967,60.913,65.816,33.98,21.264,29.929,68.208,50.304,26.963,19.244,56.589,50.334,35.898,15.198,34.813,47.106,92.135,62.148,40.945,50.487,86.351,18.761,29.918,76.569,21.622,29.971,92.793,58.419,39.713,97.435,75.508,65.935,35.868,32.701,49.0,45.94,17.727,78.411,99.212,43.812,45.893,34.626,38.976,25.42,58.28,53.128,43.11,54.773,28.386,130.221,28.47,61.278,18.886,26.648,28.406,47.709,35.812,18.319,55.548,62.603,27.703,54.465,51.185,26.274,51.05,15.559,36.893,45.481,35.009,62.228,38.654,10.166,54.349,70.967
ES0 0 X Store,75.647,67.082,44.613,31.836,57.009,110.453,79.29,44.653,43.055,109.582,40.133,66.686,33.774,65.591,70.839,72.881,76.203,108.439,84.892,81.018,132.96,69.228,64.781,46.57,62.887,15.196,89.069,81.694,59.444,35.81,50.868,94.48,119.306,90.605,63.443,88.552,44.843,34.652,112.053,129.867,51.244,37.434,140.059,37.771,92.853,105.279,124.256,116.872,39.734,50.548,69.264,148.917,31.192,77.023,119.847,102.88,33.971,16.221,56.915,49.481,95.034,60.95,62.833,137.094,39.985,150.076,38.239,40.159,65.974,44.877,62.769,111.595,46.183,109.24,66.148,104.723,32.026,61.955,48.281,44.026,65.727,59.729,56.783,89.045,78.412,70.355,87.947,82.309,42.095,118.901
ES2 0 X Store,54.316,62.597,56.193,40.159,58.3,96.979,68.453,43.843,36.973,107.109,40.159,77.741,72.477,56.1,66.141,64.827,94.902,105.776,77.368,67.531,129.293,69.243,69.866,47.551,55.056,15.216,100.345,77.193,47.034,40.171,70.685,92.129,98.112,75.35,69.25,84.327,61.49,40.15,106.6,118.238,44.388,67.86,139.54,49.188,81.172,99.43,114.314,101.971,50.091,56.305,69.263,145.055,31.895,69.553,111.588,92.456,47.206,16.946,59.422,51.206,85.371,69.263,52.303,141.61,47.327,145.396,46.944,40.453,59.17,43.452,51.013,123.342,55.193,103.754,68.937,100.168,40.159,69.263,52.159,41.445,65.092,47.483,59.957,78.009,74.781,66.962,90.475,74.876,32.961,120.12
FI3 0 X Store,12.697,19.788,25.467,19.844,14.222,18.057,12.65,17.399,20.521,36.874,34.286,31.579,45.195,18.706,3.21,7.11,37.592,49.457,59.283,11.447,23.748,15.189,28.244,3.223,16.112,6.039,62.483,38.248,24.664,15.566,21.836,35.886,54.467,52.954,21.656,13.498,56.125,17.45,32.401,79.768,18.853,41.936,61.803,4.834,37.117,41.348,68.654,45.607,38.299,29.619,15.189,56.559,10.389,12.15,62.88,14.409,18.186,7.12,16.597,22.826,47.212,35.076,37.894,54.227,28.976,96.229,25.31,53.036,18.158,14.839,16.984,59.89,55.759,18.307,15.293,33.462,18.704,41.706,16.056,20.677,7.176,6.039,10.868,3.045,18.55,33.526,34.435,10.506,30.911,57.192
FR0 0 X Store,59.809,38.212,30.174,43.276,27.949,51.993,54.073,39.085,42.43,66.213,27.141,13.956,38.832,30.045,32.548,48.467,32.725,83.371,68.662,32.336,20.847,5.762,45.106,59.431,63.898,15.456,60.231,56.828,18.222,40.403,38.914,31.332,72.068,55.016,11.247,45.458,34.136,42.176,38.907,93.932,30.472,35.798,84.222,55.068,60.435,71.413,112.338,82.264,31.413,32.251,17.475,72.404,18.313,37.881,82.803,53.903,36.058,16.982,49.424,44.559,75.498,30.272,44.376,47.174,29.946,116.442,28.952,31.298,61.509,31.742,72.62,60.587,36.958,18.286,25.601,52.47,43.315,37.155,33.366,21.049,35.212,43.038,46.596,44.458,14.953,49.366,60.358,22.445,36.668,54.95
GB4 0 X Store,50.342,26.279,41.07,58.872,56.12,28.783,43.828,74.654,113.939,56.065,59.613,13.137,23.826,48.115,32.88,40.537,13.234,45.948,59.186,43.641,32.569,47.706,79.758,68.092,77.332,15.384,46.278,40.452,35.124,40.16,30.281,40.5,58.104,58.689,16.765,28.504,71.986,37.306,32.962,76.53,40.648,21.763,46.588,79.172,48.714,44.928,71.874,51.578,33.396,9.164,65.286,41.667,28.32,37.848,65.133,35.478,72.91,9.31,57.228,40.714,52.342,30.213,55.444,53.255,21.613,80.847,42.196,64.21,61.294,28.525,81.809,31.904,34.239,30.068,74.028,28.832,50.568,32.836,67.244,55.41,47.836,33.672,52.592,31.742,31.475,72.287,29.608,25.622,28.615,56.533
GB5 0 X Store,46.107,47.26,36.363,54.276,53.108,36.186,44.562,64.576,71.596,46.741,11.363,4.422,60.743,62.533,11.416,57.367,10.785,64.575,43.683,52.996,20.416,36.719,82.906,51.835,75.279,15.444,49.317,45.064,22.058,40.327,60.112,15.966,60.663,69.264,19.466,33.73,35.507,44.997,12.04,79.292,31.374,55.717,52.285,51.258,62.537,50.418,79.217,56.8,27.079,19.146,61.619,33.258,40.496,36.602,69.031,21.614,71.044,15.838,78.666,42.717,55.244,34.844,14.315,39.494,42.204,93.88,40.413,25.652,69.733,57.512,80.848,47.154,31.775,18.805,67.385,44.497,51.587,39.797,65.024,7.799,41.925,43.902,72.62,43.885,4.458,79.236,42.169,10.412,32.653,41.659
GR0 0 X Store,44.509,107.598,60.648,35.991,27.649,45.276,63.882,35.349,34.655,85.73,32.105,96.308,63.683,65.985,50.318,16.152,103.239,128.914,115.849,65.958,137.122,51.169,45.158,47.681,39.184,36.995,101.834,64.774,48.299,40.35,19.816,98.041,95.774,58.679,68.204,74.661,37.163,43.339,78.249,154.969,81.07,60.896,140.851,35.246,134.194,64.578,108.808,98.151,44.06,78.699,30.969,114.295,18.265,34.237,106.703,73.854,27.648,58.586,20.162,52.75,81.833,51.081,97.358,140.908,65.841,140.925,49.167,31.543,55.359,18.265,38.169,126.865,44.525,112.725,26.887,99.714,43.339,46.715,27.649,77.538,35.175,45.93,16.614,68.59,104.135,48.746,109.739,49.81,68.665,116.906
HR0 0 X Store,55.578,119.124,18.894,35.146,22.352,49.299,144.005,52.995,53.058,109.486,47.199,100.344,57.47,57.058,105.122,76.901,105.926,135.041,119.148,57.031,32.527,115.802,55.306,51.939,58.328,100.779,109.186,79.261,56.466,40.789,53.694,108.527,124.016,84.261,80.16,95.45,39.858,43.3,110.777,154.446,18.907,56.582,137.015,44.967,138.726,64.0,116.564,160.374,51.24,89.276,82.347,147.332,51.535,37.176,118.711,135.369,20.308,114.315,61.428,62.238,91.476,69.943,108.475,65.376,58.004,145.21,19.223,37.185,73.056,45.106,50.433,128.131,51.386,18.311,76.083,105.994,39.193,67.92,19.579,96.887,68.385,142.831,65.945,54.128,133.231,61.636,124.045,75.431,108.73,114.979
HU0 0 X Store,60.552,93.655,18.922,37.156,21.727,51.07,102.753,50.755,53.407,97.887,59.152,84.466,57.234,56.797,88.227,50.735,96.738,121.95,110.411,53.923,25.232,57.386,46.567,55.372,69.158,52.648,99.402,77.968,52.074,40.477,44.172,73.684,91.352,68.404,71.436,71.731,39.704,43.305,93.736,135.825,18.89,57.114,112.739,48.901,115.69,64.959,118.961,131.22,51.483,72.734,51.286,121.505,34.987,37.909,93.295,114.267,21.839,71.735,60.518,54.736,92.131,73.338,101.128,57.144,58.282,122.888,19.112,41.006,63.83,38.32,65.945,120.514,51.129,18.285,54.944,79.386,43.205,68.078,20.826,89.471,68.401,90.009,51.969,53.957,78.957,56.073,108.662,68.024,81.136,85.863
IE4 0 X Store,52.179,25.344,41.638,47.148,63.488,38.208,43.877,64.859,78.516,56.058,64.82,21.064,54.88,53.568,23.988,38.699,19.999,61.822,68.173,42.195,36.729,32.862,65.473,51.335,67.829,13.923,52.81,45.382,34.531,40.159,23.138,43.276,58.776,62.855,32.142,28.504,76.347,37.01,41.006,78.097,42.618,45.23,46.349,59.304,47.813,50.424,78.165,52.078,44.475,21.754,41.932,49.487,19.144,44.402,64.177,35.928,72.28,9.233,51.599,41.91,56.398,46.937,61.615,66.554,37.687,85.852,49.767,73.397,46.477,21.738,77.633,37.004,50.745,31.775,49.943,29.049,40.98,53.592,75.222,61.546,40.835,39.036,44.392,28.868,33.216,64.617,53.017,32.592,29.352,59.407
IT0 0 X Store,43.768,47.26,33.246,43.339,28.268,53.241,104.62,41.223,34.424,109.857,30.567,70.687,69.264,58.915,93.227,53.012,79.363,114.706,92.687,69.263,21.947,61.934,37.15,40.636,50.826,39.667,90.135,53.513,69.023,40.506,48.768,100.479,103.664,47.299,69.022,71.917,36.216,43.332,102.082,107.294,33.706,69.264,139.3,40.904,71.121,69.521,117.13,145.46,69.264,68.687,46.639,150.716,41.416,37.312,114.415,125.54,37.149,53.249,53.679,51.854,78.422,69.264,73.594,56.242,69.009,146.72,32.283,24.591,50.809,44.808,61.032,116.102,69.264,18.291,35.377,96.742,43.339,69.264,37.041,55.499,59.303,78.621,51.2,69.136,103.055,43.339,97.885,70.718,69.845,117.383
IT1 0 X Store,40.818,37.075,33.301,43.34,32.164,51.801,86.472,43.321,41.341,110.106,23.396,62.233,61.451,66.055,85.237,54.486,76.004,112.041,88.493,69.261,20.835,58.383,44.527,34.048,50.759,34.564,96.382,47.12,43.651,40.22,43.339,100.619,79.776,45.562,59.769,69.309,27.054,43.339,81.76,97.267,33.994,61.618,139.624,35.587,61.862,69.22,109.428,125.122,43.339,65.326,57.007,127.331,40.441,35.156,105.102,118.633,33.667,53.904,60.391,47.918,70.819,58.908,68.001,59.132,64.472,143.885,31.582,22.58,46.971,43.339,49.483,111.785,43.339,18.303,50.481,93.654,43.339,58.581,34.318,44.531,51.477,63.413,55.991,69.19,102.407,43.424,88.174,53.953,66.198,118.585
LT6 0 X Store,42.691,20.154,25.49,51.772,55.533,101.522,38.006,44.195,47.095,53.062,48.818,27.7,48.072,50.803,19.814,10.175,28.476,65.374,64.413,46.564,21.235,28.026,75.102,58.672,24.589,3.127,59.151,52.021,40.665,15.216,25.311,50.361,100.291,67.73,31.136,50.446,91.485,15.479,26.749,78.755,18.912,33.58,90.051,63.795,40.849,98.656,82.978,72.975,49.882,29.142,46.556,50.048,6.314,88.616,103.588,36.718,47.154,13.551,42.462,28.686,61.046,36.834,41.389,55.963,27.714,132.49,28.208,67.056,18.886,12.573,28.081,51.694,61.637,18.313,48.265,60.51,34.454,31.81,57.892,20.675,43.671,15.692,29.555,46.28,40.728,68.116,36.813,10.238,42.199,72.752
LU0 0 X Store,46.543,41.169,32.285,40.327,25.337,54.912,50.634,37.899,38.951,70.186,24.899,35.21,34.636,15.74,47.705,31.935,42.635,67.449,64.632,11.064,20.505,10.351,22.501,44.825,63.369,15.263,56.422,52.697,30.325,40.185,46.525,31.361,35.335,23.969,43.339,44.676,37.956,40.327,45.388,94.53,26.947,32.332,86.462,47.177,59.042,73.873,94.619,84.648,43.673,22.074,17.795,65.95,16.11,37.41,53.894,60.513,33.85,18.828,46.476,43.062,68.022,64.736,45.264,43.845,32.507,91.752,33.995,32.28,60.563,30.432,67.298,69.414,47.181,18.805,24.225,53.35,40.327,69.661,28.604,22.876,34.804,35.782,38.339,12.218,20.582,21.597,40.5,36.801,38.291,57.21
LV6 0 X Store,41.842,20.082,25.444,49.85,55.672,101.432,37.051,45.162,52.155,53.066,47.613,27.657,36.827,50.311,21.745,11.198,28.054,60.3,63.831,45.95,21.235,28.275,74.849,57.918,24.591,4.698,59.081,51.198,43.689,15.213,34.251,50.929,99.858,67.593,33.205,50.486,81.56,16.832,29.011,79.36,18.93,28.161,90.374,62.837,40.399,98.482,82.212,72.493,47.77,29.299,46.73,50.842,6.535,88.586,103.576,38.519,47.22,14.081,42.715,28.562,59.803,48.159,40.828,55.538,27.573,132.571,28.295,67.35,18.886,19.501,28.084,49.878,48.129,18.318,54.051,60.983,38.457,46.909,57.865,22.062,43.841,15.423,31.015,47.373,39.737,67.951,34.45,10.308,42.175,73.713
ME0 0 X Store,53.695,120.657,18.974,37.854,21.293,49.754,136.227,48.719,47.644,110.278,44.415,100.554,69.146,57.098,91.617,73.124,106.685,131.02,115.058,57.115,40.906,86.293,48.522,46.341,60.357,104.4,107.472,79.877,57.203,40.423,53.987,107.603,115.336,71.197,76.804,84.184,38.265,43.321,110.227,155.483,18.882,67.438,139.806,40.94,142.439,65.513,116.057,154.391,51.341,87.588,52.295,145.375,58.113,37.296,115.993,124.483,20.506,115.756,54.555,57.743,91.677,67.452,100.576,72.352,68.923,143.565,19.055,37.117,71.624,45.718,50.519,129.382,50.256,19.115,44.564,101.773,43.3,61.032,20.517,86.389,57.169,129.827,61.541,62.788,127.876,59.327,117.88,79.321,108.171,116.831
MK0 0 X Store,50.939,122.145,18.278,35.342,21.423,50.487,97.873,46.88,47.874,97.436,34.442,90.159,69.191,57.106,58.011,43.155,98.524,129.409,114.006,56.208,28.575,69.26,31.383,39.361,57.263,46.832,106.409,78.5,43.098,40.426,30.187,102.441,95.75,56.103,67.133,81.654,40.136,43.327,73.655,156.566,18.295,66.586,139.105,34.105,144.07,65.841,115.177,123.864,34.482,86.191,45.556,110.141,18.489,37.534,104.143,90.606,19.857,67.17,24.507,57.106,91.625,62.617,101.864,63.137,69.173,138.507,18.375,34.152,71.097,24.471,50.575,123.162,43.767,18.261,36.266,98.562,43.27,54.692,19.852,87.572,47.108,84.365,27.576,68.845,111.943,47.6,119.311,48.455,73.122,116.351
NL0 0 X Store,46.897,41.168,32.256,43.272,28.706,50.113,48.82,47.431,61.828,63.041,29.362,28.418,31.986,38.497,30.869,35.042,33.899,53.387,55.91,34.712,20.429,13.285,52.367,57.109,66.046,15.253,51.38,54.108,37.42,40.32,48.271,22.066,54.658,47.126,27.282,23.53,49.071,40.327,34.849,92.805,27.907,29.464,53.75,60.498,61.511,68.55,91.938,72.579,52.205,15.189,24.472,56.343,23.51,35.71,67.744,44.483,37.01,16.039,45.717,41.855,73.198,39.597,32.572,43.298,30.028,99.25,31.897,44.014,64.209,44.51,69.727,59.66,62.077,18.294,30.957,45.232,40.754,44.463,35.362,18.894,31.56,42.355,41.449,26.687,5.672,52.582,32.564,27.678,36.807,47.655
NO3 0 X Store,129.841,130.721,114.865,132.297,114.615,128.113,143.218,82.452,136.688,106.232,114.408,112.28,131.779,139.659,113.562,118.917,106.391,136.327,120.575,144.979,143.617,135.251,111.721,115.97,136.527,137.878,152.239,121.943,142.968,154.07,118.965,106.126,129.171,131.352,119.613,131.388,106.592,146.434,120.087,152.774,145.144,128.867,133.708,99.116,141.365,106.011,128.995,154.323,150.556,125.033,127.421,147.044,101.655,124.64,115.068,137.374,122.229,127.132,146.44,133.705,116.718,122.531,121.811,139.111,119.882,141.284,115.74,114.025,126.943,107.625,100.721,122.586,139.692,126.618,122.938,111.365,123.558,125.226,99.759,134.955,131.67,157.599,119.414,157.424,132.296,149.629,146.469,100.645,107.036,110.143
PL0 0 X Store,47.824,30.517,32.875,35.882,29.995,45.796,45.022,43.08,49.986,59.051,30.261,31.072,38.209,19.673,22.941,19.289,37.492,67.178,48.532,13.782,20.471,8.658,48.681,45.344,39.381,16.911,59.435,66.71,48.335,40.012,62.921,21.553,35.512,30.41,31.164,6.039,50.368,36.992,47.107,85.841,21.527,28.226,47.7,45.804,51.53,64.309,103.042,78.923,55.356,15.923,21.23,64.732,38.076,35.738,51.775,42.125,42.809,19.064,27.165,42.512,79.593,42.904,27.496,45.657,16.647,84.942,35.356,43.457,34.769,54.845,43.728,64.396,63.512,18.293,30.624,15.377,35.545,53.401,36.404,16.313,18.639,25.954,26.575,9.229,4.405,46.309,38.858,28.389,44.311,46.614
PT0 0 X Store,78.318,66.929,47.87,31.843,57.07,110.843,81.316,49.967,46.897,110.393,40.144,66.652,33.683,69.543,71.701,73.779,78.356,106.692,85.638,82.91,135.278,69.247,82.731,46.569,62.886,15.196,92.767,84.542,60.908,35.781,50.477,94.849,117.865,95.801,63.521,88.63,44.332,34.709,112.059,132.885,56.103,37.4,141.451,39.283,93.339,107.128,125.796,118.912,39.162,51.069,69.186,148.812,29.837,77.42,122.811,103.539,34.584,16.369,73.118,50.403,96.645,61.118,64.189,139.686,40.022,151.333,44.349,40.159,65.973,42.001,63.023,112.273,46.393,112.472,69.042,106.066,32.037,65.888,48.282,44.807,65.725,61.501,59.727,88.994,79.247,76.655,88.706,82.132,41.272,119.984
RO0 0 X Store,51.216,120.471,27.161,38.248,21.738,47.305,101.984,51.125,52.06,98.287,35.453,97.173,56.111,56.125,70.602,49.971,103.689,138.678,115.902,56.131,61.942,80.348,47.727,42.819,59.141,79.341,100.501,74.756,54.184,40.44,41.818,104.353,98.787,57.151,76.332,91.236,47.037,43.32,92.662,157.213,27.663,55.885,137.278,40.142,137.909,63.357,113.879,124.168,52.773,93.184,54.533,137.132,43.749,35.824,102.583,99.685,20.43,93.555,39.594,55.942,88.251,67.502,102.947,85.132,56.267,136.731,26.564,36.485,69.569,40.064,50.166,129.179,51.71,34.556,53.308,102.673,43.284,65.84,20.87,84.239,52.201,90.806,40.989,56.153,117.136,55.489,126.569,60.65,92.791,115.67
RS0 0 X Store,56.252,122.937,18.991,35.696,21.871,50.051,113.48,49.286,52.135,95.967,41.509,99.966,69.055,57.093,64.14,55.736,105.202,138.0,119.218,57.071,46.768,73.6,48.685,48.175,57.807,80.328,108.123,79.959,52.464,40.439,42.34,99.139,110.461,70.109,81.13,91.631,44.213,43.321,101.023,157.54,18.969,65.756,139.19,40.883,141.884,65.341,118.766,133.878,50.51,100.651,52.815,138.006,44.953,37.738,110.417,95.536,20.481,96.83,47.431,58.521,92.596,73.051,107.723,76.292,68.905,140.018,19.119,36.35,76.538,42.76,52.214,129.042,50.671,19.755,50.515,104.837,43.198,71.972,20.101,94.484,48.04,104.689,50.437,57.12,108.248,59.15,130.889,66.928,94.234,114.026
SE3 0 X Store,75.038,37.368,19.214,94.111,69.817,112.008,65.834,36.607,40.65,46.615,68.911,106.266,20.662,7.522,11.462,43.279,105.149,82.139,112.092,4.772,20.419,96.681,61.728,64.154,33.033,140.934,153.796,86.196,12.877,155.963,79.162,87.983,69.787,62.951,91.292,13.152,73.931,125.867,30.229,103.664,18.964,24.062,61.464,61.98,66.647,100.561,110.37,91.773,25.781,39.425,75.699,52.275,95.532,102.019,78.0,27.799,61.589,134.47,60.304,134.669,87.449,79.74,103.317,50.361,32.062,113.878,20.964,74.839,28.248,85.977,36.463,124.973,42.832,18.343,69.672,33.075,93.864,72.737,60.504,91.116,27.37,44.201,56.504,3.087,96.529,68.407,69.6,9.548,116.028,100.067
SI0 0 X Store,49.14,119.627,18.875,34.986,22.732,53.528,134.606,47.647,46.673,109.505,35.413,95.966,57.129,57.137,76.003,49.107,104.403,129.428,113.109,56.794,32.288,58.83,34.775,39.565,55.157,93.461,113.142,79.175,55.687,41.189,52.65,100.085,99.532,59.175,68.199,73.108,40.16,43.304,99.274,154.882,18.919,56.317,132.789,37.986,143.378,65.247,114.713,156.647,50.93,81.841,33.421,141.076,45.11,36.382,108.796,117.801,20.851,112.215,44.799,62.078,91.553,54.602,95.353,67.096,57.116,143.105,18.977,34.955,65.973,43.563,38.238,127.517,52.053,18.304,26.649,93.627,40.493,53.438,20.958,75.15,55.874,114.873,44.617,54.058,103.113,49.803,116.835,65.89,106.4,114.254
SK0 0 X Store,54.161,42.267,27.632,31.173,20.771,52.907,73.443,42.736,41.531,67.757,63.517,58.423,51.829,44.346,39.898,27.466,77.526,111.771,102.957,44.338,25.462,27.864,30.465,45.861,53.349,29.398,92.772,73.584,44.5,40.187,52.73,53.843,59.464,30.145,57.099,54.799,35.194,40.156,61.809,108.06,18.888,56.82,104.08,43.427,72.487,69.236,121.205,105.732,42.394,58.476,19.768,101.223,49.861,36.562,70.738,64.531,24.617,45.613,4.418,49.788,90.796,63.329,87.895,56.713,55.51,104.087,28.629,43.775,50.664,55.134,55.351,110.916,41.501,18.262,25.675,68.584,38.791,47.972,25.213,70.083,41.715,52.325,23.128,44.906,47.586,28.221,91.906,41.798,63.118,70.873
