,eta_d,c_hat,c_c,eta_c,tau_SD,c_d,E,lc,dt
0,0.25,1.0,35.0,0.25,10.0,35.0,0.257,0.146,42.349
180,0.5,1.0,490.0,2.0,10.0,35.0,4.264,10.904,35.725
404,0.5,1.0,490.0,0.95,10.0,350.0,0.755,0.439,60.497
780,0.25,1.0,350.0,2.0,30.0,700.0,0.024,0.017,171.214
776,0.25,1.0,350.0,2.0,10.0,700.0,0.0,0.0,175.75
186,0.5,1.0,490.0,2.0,30.0,35.0,9.098,12.485,72.902
400,0.25,1.0,490.0,2.0,30.0,350.0,0.368,0.27,94.189
624,0.5,1.0,490.0,0.95,10.0,490.0,0.459,0.261,83.611
770,0.95,1.0,35.0,0.95,30.0,700.0,12.067,13.664,111.029
192,0.95,1.0,490.0,0.25,10.0,35.0,0.186,0.105,21.15
396,0.25,1.0,490.0,2.0,10.0,350.0,0.007,0.006,77.421
194,0.95,1.0,490.0,0.25,30.0,35.0,1.629,0.424,53.267
628,0.5,1.0,490.0,0.95,30.0,490.0,1.713,0.758,111.868
196,0.95,1.0,490.0,0.5,10.0,35.0,1.819,0.944,36.505
764,0.95,1.0,35.0,0.95,10.0,700.0,7.504,12.062,82.51
200,0.95,1.0,490.0,0.5,30.0,35.0,5.104,1.638,83.19
390,0.95,1.0,350.0,0.95,30.0,350.0,12.68,10.07,120.919
632,0.5,1.0,490.0,2.0,10.0,490.0,3.253,7.438,61.715
204,0.95,1.0,490.0,0.95,10.0,35.0,5.32,7.999,43.306
638,0.5,1.0,490.0,2.0,30.0,490.0,5.621,9.458,82.124
760,0.95,1.0,35.0,0.5,30.0,700.0,7.025,3.762,129.015
384,0.95,1.0,350.0,0.95,10.0,350.0,5.558,8.854,70.006
756,0.95,1.0,35.0,0.5,10.0,700.0,4.51,2.931,117.223
210,0.95,1.0,490.0,0.95,30.0,35.0,14.279,9.244,105.418
380,0.95,1.0,350.0,0.5,30.0,350.0,5.475,1.857,114.668
753,0.95,1.0,35.0,0.25,30.0,700.0,3.99,1.314,143.001
644,0.95,1.0,490.0,0.5,10.0,490.0,1.219,0.622,64.391
216,0.25,1.0,700.0,2.0,10.0,35.0,0.791,0.463,40.1
750,0.95,1.0,35.0,0.25,10.0,700.0,2.262,0.949,140.972
220,0.25,1.0,700.0,2.0,30.0,35.0,1.434,0.791,44.159
620,0.25,1.0,490.0,2.0,30.0,490.0,0.052,0.038,127.546
408,0.5,1.0,490.0,0.95,30.0,350.0,2.256,0.99,86.692
176,0.5,1.0,490.0,0.95,30.0,35.0,3.568,1.403,70.919
784,0.5,1.0,350.0,0.5,10.0,700.0,0.0,0.0,276.5
595,0.95,1.0,350.0,0.25,30.0,490.0,1.285,0.414,81.814
136,0.95,1.0,350.0,0.5,10.0,35.0,2.582,1.401,40.436
810,0.95,1.0,350.0,0.5,30.0,700.0,4.237,1.598,124.715
432,0.95,1.0,490.0,0.95,10.0,350.0,4.781,6.859,70.475
140,0.95,1.0,350.0,0.5,30.0,35.0,6.434,2.203,89.107
596,0.95,1.0,350.0,0.5,10.0,490.0,2.018,1.026,81.447
806,0.95,1.0,350.0,0.5,10.0,700.0,1.81,0.883,95.744
144,0.95,1.0,350.0,0.95,10.0,35.0,6.224,9.921,44.621
428,0.95,1.0,490.0,0.5,30.0,350.0,4.045,1.371,100.473
600,0.95,1.0,350.0,0.5,30.0,490.0,4.932,1.743,118.179
800,0.5,1.0,350.0,2.0,30.0,700.0,5.39,9.584,90.51
150,0.95,1.0,350.0,0.95,30.0,35.0,15.021,11.376,99.103
424,0.95,1.0,490.0,0.5,10.0,350.0,1.42,0.718,62.031
794,0.5,1.0,350.0,2.0,10.0,700.0,3.304,7.873,68.027
376,0.95,1.0,350.0,0.5,10.0,350.0,2.165,1.112,76.506
604,0.95,1.0,350.0,0.95,10.0,490.0,5.247,8.426,71.534
313,0.95,1.0,35.0,0.25,30.0,350.0,4.398,1.411,120.506
158,0.25,1.0,490.0,0.95,30.0,35.0,0.507,0.218,42.733
418,0.5,1.0,490.0,2.0,30.0,350.0,6.39,10.259,82.467
160,0.25,1.0,490.0,2.0,10.0,35.0,1.079,0.746,39.09
610,0.95,1.0,350.0,0.95,30.0,490.0,11.728,9.733,119.59
790,0.5,1.0,350.0,0.95,30.0,700.0,2.202,0.926,181.241
164,0.25,1.0,490.0,2.0,30.0,35.0,2.034,1.183,52.405
412,0.5,1.0,490.0,2.0,10.0,350.0,3.63,8.468,56.554
786,0.5,1.0,350.0,0.95,10.0,700.0,0.608,0.331,130.648
168,0.5,1.0,490.0,0.5,10.0,35.0,0.161,0.097,25.424
616,0.25,1.0,490.0,2.0,10.0,490.0,0.0,0.0,167.25
170,0.5,1.0,490.0,0.5,30.0,35.0,1.292,0.408,55.222
172,0.5,1.0,490.0,0.95,10.0,35.0,1.429,0.825,38.491
785,0.5,1.0,350.0,0.5,30.0,700.0,0.136,0.057,164.266
156,0.25,1.0,490.0,0.95,10.0,35.0,0.004,0.003,21.349
134,0.95,1.0,350.0,0.25,30.0,35.0,2.08,0.598,57.125
374,0.95,1.0,350.0,0.25,30.0,350.0,1.59,0.481,74.594
743,0.5,1.0,35.0,2.0,30.0,700.0,7.516,14.827,85.31
273,0.25,1.0,35.0,2.0,30.0,350.0,2.701,2.895,91.82
712,0.25,1.0,35.0,2.0,10.0,700.0,1.028,1.289,105.024
340,0.25,1.0,350.0,2.0,10.0,350.0,0.285,0.222,92.55
278,0.5,1.0,35.0,0.25,10.0,350.0,0.816,0.356,140.98
338,0.25,1.0,350.0,0.95,30.0,350.0,0.002,0.001,121.865
280,0.5,1.0,35.0,0.25,30.0,350.0,1.516,0.551,114.231
282,0.5,1.0,35.0,0.5,10.0,350.0,1.811,0.998,110.358
336,0.25,1.0,350.0,0.95,10.0,350.0,0.0,0.0,123.25
709,0.25,1.0,35.0,0.95,30.0,700.0,0.721,0.575,150.276
285,0.5,1.0,35.0,0.5,30.0,350.0,3.107,1.369,112.078
670,0.5,1.0,700.0,0.95,10.0,490.0,0.006,0.003,63.261
288,0.5,1.0,35.0,0.95,10.0,350.0,3.253,2.891,85.833
673,0.5,1.0,700.0,0.95,30.0,490.0,0.698,0.333,82.916
706,0.25,1.0,35.0,0.95,10.0,700.0,0.355,0.336,128.318
292,0.5,1.0,35.0,0.95,30.0,350.0,5.111,3.612,99.938
330,0.95,1.0,35.0,0.95,30.0,350.0,14.865,15.379,110.07
705,0.25,1.0,35.0,0.5,30.0,700.0,0.25,0.187,156.08
704,0.25,1.0,35.0,0.5,10.0,700.0,0.076,0.066,138.513
296,0.5,1.0,35.0,2.0,10.0,350.0,6.07,14.587,62.465
676,0.5,1.0,700.0,2.0,10.0,490.0,2.59,4.838,66.696
699,0.95,1.0,700.0,0.95,30.0,490.0,8.899,5.595,126.568
324,0.95,1.0,35.0,0.95,10.0,350.0,8.544,13.201,78.447
303,0.5,1.0,35.0,2.0,30.0,350.0,9.187,16.951,82.247
682,0.5,1.0,700.0,2.0,30.0,490.0,5.132,6.771,91.472
694,0.95,1.0,700.0,0.95,10.0,490.0,3.578,3.813,79.005
320,0.95,1.0,35.0,0.5,30.0,350.0,8.861,4.28,120.573
691,0.95,1.0,700.0,0.5,30.0,490.0,2.116,0.816,75.762
310,0.95,1.0,35.0,0.25,10.0,350.0,2.675,1.055,115.649
316,0.95,1.0,35.0,0.5,10.0,350.0,4.81,3.44,93.615
344,0.25,1.0,350.0,2.0,30.0,350.0,0.941,0.684,102.379
716,0.25,1.0,35.0,2.0,30.0,700.0,1.634,1.77,124.146
268,0.25,1.0,35.0,2.0,10.0,350.0,1.826,2.386,77.73
667,0.25,1.0,700.0,2.0,30.0,490.0,0.0,0.0,144.25
227,0.5,1.0,700.0,0.95,30.0,35.0,2.331,0.955,57.095
372,0.95,1.0,350.0,0.25,10.0,350.0,0.288,0.134,66.905
648,0.95,1.0,490.0,0.5,30.0,490.0,3.617,1.256,102.386
230,0.5,1.0,700.0,2.0,10.0,35.0,3.682,8.297,35.637
736,0.5,1.0,35.0,2.0,10.0,700.0,4.943,12.483,65.918
366,0.5,1.0,350.0,2.0,30.0,350.0,6.648,12.12,76.479
652,0.95,1.0,490.0,0.95,10.0,490.0,4.569,6.559,72.541
236,0.5,1.0,700.0,2.0,30.0,35.0,9.418,9.816,87.176
732,0.5,1.0,35.0,0.95,30.0,700.0,4.57,2.931,150.662
658,0.95,1.0,490.0,0.95,30.0,490.0,10.762,7.851,124.56
728,0.5,1.0,35.0,0.95,10.0,700.0,2.779,2.367,112.631
242,0.95,1.0,700.0,0.5,10.0,35.0,1.138,0.592,30.282
360,0.5,1.0,350.0,2.0,10.0,350.0,4.13,10.39,55.708
245,0.95,1.0,700.0,0.5,30.0,35.0,3.554,1.143,69.669
224,0.5,1.0,700.0,0.95,10.0,35.0,0.931,0.524,33.932
356,0.5,1.0,350.0,0.95,30.0,350.0,3.225,1.431,101.652
664,0.25,1.0,700.0,2.0,10.0,490.0,0.0,0.0,102.75
725,0.5,1.0,35.0,0.5,30.0,700.0,2.329,1.146,162.876
253,0.95,1.0,700.0,0.95,30.0,35.0,12.598,7.129,107.095
352,0.5,1.0,350.0,0.95,10.0,350.0,1.325,0.814,72.467
722,0.5,1.0,35.0,0.5,10.0,700.0,1.352,0.806,140.009
721,0.5,1.0,35.0,0.25,30.0,700.0,0.972,0.451,160.305
720,0.5,1.0,35.0,0.25,10.0,700.0,0.538,0.283,152.355
258,0.25,1.0,35.0,0.5,10.0,350.0,0.333,0.225,130.151
260,0.25,1.0,35.0,0.5,30.0,350.0,0.608,0.384,120.116
350,0.5,1.0,350.0,0.5,30.0,350.0,0.753,0.304,79.242
262,0.25,1.0,35.0,0.95,10.0,350.0,0.765,0.639,106.941
527,0.5,1.0,35.0,2.0,30.0,490.0,8.299,15.831,83.248
265,0.25,1.0,35.0,0.95,30.0,350.0,1.279,0.924,110.552
348,0.5,1.0,350.0,0.5,10.0,350.0,0.057,0.029,74.597
248,0.95,1.0,700.0,0.95,10.0,35.0,4.551,5.484,44.257
594,0.95,1.0,350.0,0.25,10.0,490.0,0.19,0.087,76.711
688,0.95,1.0,700.0,0.5,10.0,490.0,0.603,0.328,52.596
560,0.25,1.0,350.0,0.95,10.0,490.0,0.0,0.0,119.75
70,0.95,1.0,35.0,0.5,10.0,35.0,5.308,3.98,50.644
561,0.25,1.0,350.0,0.95,30.0,490.0,0.0,0.0,171.75
562,0.25,1.0,350.0,2.0,10.0,490.0,0.034,0.029,109.321
858,0.95,1.0,490.0,0.95,10.0,700.0,4.316,5.826,82.084
28,0.5,1.0,35.0,0.25,30.0,35.0,2.339,0.639,82.972
75,0.95,1.0,35.0,0.5,30.0,35.0,10.38,4.711,95.947
26,0.5,1.0,35.0,0.25,10.0,35.0,0.948,0.475,38.61
544,0.95,1.0,35.0,0.5,30.0,490.0,7.995,4.081,120.992
474,0.95,1.0,700.0,0.95,10.0,350.0,3.83,4.23,75.068
855,0.95,1.0,490.0,0.5,30.0,700.0,3.087,1.125,110.813
506,0.5,1.0,35.0,0.5,10.0,490.0,1.647,0.911,127.622
893,0.95,1.0,700.0,0.5,30.0,700.0,1.649,0.649,86.482
471,0.95,1.0,700.0,0.5,30.0,350.0,2.406,0.901,74.802
566,0.25,1.0,350.0,2.0,30.0,490.0,0.423,0.305,126.968
852,0.95,1.0,490.0,0.5,10.0,700.0,1.037,0.514,77.028
509,0.5,1.0,35.0,0.5,30.0,490.0,2.521,1.259,122.509
21,0.25,1.0,35.0,2.0,30.0,35.0,4.391,4.597,58.835
468,0.95,1.0,700.0,0.5,10.0,350.0,0.796,0.423,50.042
880,0.5,1.0,700.0,2.0,10.0,700.0,2.106,3.662,77.614
87,0.95,1.0,35.0,0.95,30.0,35.0,18.279,17.598,88.806
512,0.5,1.0,35.0,0.95,10.0,490.0,3.082,2.629,99.069
896,0.95,1.0,700.0,0.95,10.0,700.0,3.308,3.444,84.983
80,0.95,1.0,35.0,0.95,10.0,35.0,9.277,15.209,49.587
479,0.95,1.0,700.0,0.95,30.0,350.0,9.836,5.995,129.506
863,0.95,1.0,490.0,0.95,30.0,700.0,8.747,7.272,116.818
30,0.5,1.0,35.0,0.5,10.0,35.0,2.276,1.238,46.488
548,0.95,1.0,35.0,0.95,10.0,490.0,8.225,12.641,82.819
498,0.25,1.0,35.0,2.0,30.0,490.0,2.255,2.471,102.36
885,0.5,1.0,700.0,2.0,30.0,700.0,3.881,5.225,103.82
494,0.25,1.0,35.0,2.0,10.0,490.0,1.5,1.938,89.227
48,0.5,1.0,35.0,2.0,10.0,35.0,6.929,18.063,39.709
877,0.5,1.0,700.0,0.95,30.0,700.0,0.191,0.086,156.878
38,0.5,1.0,35.0,0.95,10.0,35.0,3.68,3.811,43.931
491,0.25,1.0,35.0,0.95,30.0,490.0,1.112,0.796,137.944
554,0.95,1.0,35.0,0.95,30.0,490.0,13.583,14.388,112.531
874,0.5,1.0,700.0,0.95,10.0,700.0,0.0,0.0,200.0
55,0.5,1.0,35.0,2.0,30.0,35.0,12.349,21.249,64.212
502,0.5,1.0,35.0,0.25,10.0,490.0,0.683,0.324,147.525
488,0.25,1.0,35.0,0.95,10.0,490.0,0.59,0.513,118.151
871,0.25,1.0,700.0,2.0,30.0,700.0,0.0,0.0,inf
486,0.25,1.0,35.0,0.5,30.0,490.0,0.459,0.308,142.373
34,0.5,1.0,35.0,0.5,30.0,35.0,3.759,1.584,73.049
890,0.95,1.0,700.0,0.5,10.0,700.0,0.301,0.164,60.275
504,0.5,1.0,35.0,0.25,30.0,490.0,1.261,0.512,121.214
868,0.25,1.0,700.0,2.0,10.0,700.0,0.0,0.0,inf
62,0.95,1.0,35.0,0.25,10.0,35.0,2.693,1.191,45.133
484,0.25,1.0,35.0,0.5,10.0,490.0,0.209,0.158,132.382
132,0.95,1.0,350.0,0.25,10.0,35.0,0.519,0.279,25.281
66,0.95,1.0,35.0,0.25,30.0,35.0,4.999,1.506,83.43
570,0.5,1.0,350.0,0.5,10.0,490.0,0.005,0.003,88.019
840,0.5,1.0,490.0,2.0,10.0,700.0,2.789,6.107,70.493
846,0.5,1.0,490.0,2.0,30.0,700.0,4.831,7.768,96.223
462,0.5,1.0,700.0,2.0,30.0,350.0,6.09,7.531,93.404
109,0.5,1.0,350.0,0.5,30.0,35.0,1.808,0.585,58.956
578,0.5,1.0,350.0,0.95,30.0,490.0,2.646,1.196,124.479
450,0.5,1.0,700.0,0.95,10.0,350.0,0.21,0.127,52.111
830,0.25,1.0,490.0,2.0,30.0,700.0,0.0,0.0,197.25
8,0.25,1.0,35.0,0.95,10.0,35.0,1.404,1.05,43.456
116,0.5,1.0,350.0,0.95,30.0,35.0,4.522,1.941,75.967
6,0.25,1.0,35.0,0.5,30.0,35.0,1.417,0.599,69.949
537,0.95,1.0,35.0,0.25,30.0,490.0,4.251,1.373,126.986
447,0.25,1.0,700.0,2.0,30.0,350.0,0.002,0.002,82.25
826,0.25,1.0,490.0,2.0,10.0,700.0,0.0,0.0,inf
120,0.5,1.0,350.0,2.0,10.0,35.0,4.988,12.861,37.355
4,0.25,1.0,35.0,0.5,10.0,35.0,0.661,0.423,42.986
444,0.25,1.0,700.0,2.0,10.0,350.0,0.0,0.0,112.5
582,0.5,1.0,350.0,2.0,10.0,490.0,3.83,9.492,59.789
820,0.95,1.0,350.0,0.95,30.0,700.0,9.174,8.933,109.2
2,0.25,1.0,35.0,0.25,30.0,35.0,0.586,0.227,63.634
126,0.5,1.0,350.0,2.0,30.0,35.0,9.337,14.815,66.185
588,0.5,1.0,350.0,2.0,30.0,490.0,5.985,11.29,76.986
534,0.95,1.0,35.0,0.25,10.0,490.0,2.58,1.006,132.189
814,0.95,1.0,350.0,0.95,10.0,700.0,4.94,7.633,77.659
438,0.95,1.0,490.0,0.95,30.0,350.0,11.714,8.253,125.619
520,0.5,1.0,35.0,2.0,10.0,490.0,5.745,13.712,65.431
453,0.5,1.0,700.0,0.95,30.0,350.0,1.099,0.519,65.013
112,0.5,1.0,350.0,0.95,10.0,35.0,1.948,1.233,41.548
43,0.5,1.0,35.0,0.95,30.0,35.0,7.235,4.54,79.115
98,0.25,1.0,350.0,2.0,10.0,35.0,1.327,1.168,37.291
574,0.5,1.0,350.0,0.95,10.0,490.0,1.044,0.621,91.727
837,0.5,1.0,490.0,0.95,30.0,700.0,1.125,0.475,170.546
516,0.5,1.0,35.0,0.95,30.0,490.0,4.796,3.27,116.803
12,0.25,1.0,35.0,0.95,30.0,35.0,2.301,1.373,59.449
540,0.95,1.0,35.0,0.5,10.0,490.0,4.675,3.241,101.988
96,0.25,1.0,350.0,0.95,30.0,35.0,0.888,0.415,46.097
572,0.5,1.0,350.0,0.5,30.0,490.0,0.429,0.181,96.046
94,0.25,1.0,350.0,0.95,10.0,35.0,0.188,0.119,31.548
102,0.25,1.0,350.0,2.0,30.0,35.0,2.59,1.747,55.947
16,0.25,1.0,35.0,2.0,10.0,35.0,2.784,3.927,40.942
456,0.5,1.0,700.0,2.0,10.0,350.0,2.871,5.747,58.937
834,0.5,1.0,490.0,0.95,10.0,700.0,0.111,0.062,122.881
106,0.5,1.0,350.0,0.5,10.0,35.0,0.456,0.266,28.605
901,0.95,1.0,700.0,0.95,30.0,700.0,7.276,5.107,117.33
351,0.5,2.0,350.0,0.5,30.0,350.0,0.334,0.181,62.479
535,0.95,2.0,35.0,0.25,10.0,490.0,1.77,0.976,97.326
683,0.5,2.0,700.0,2.0,30.0,490.0,2.709,5.924,56.816
317,0.95,2.0,35.0,0.5,10.0,350.0,3.408,3.343,69.319
331,0.95,2.0,35.0,0.95,30.0,350.0,9.603,14.724,79.362
671,0.5,2.0,700.0,0.95,10.0,490.0,0.0,0.0,49.2
545,0.95,2.0,35.0,0.5,30.0,490.0,5.421,3.895,92.305
513,0.5,2.0,35.0,0.95,10.0,490.0,1.998,2.461,69.254
349,0.5,2.0,350.0,0.5,10.0,350.0,0.004,0.003,41.649
499,0.25,2.0,35.0,2.0,30.0,490.0,1.164,2.004,67.506
538,0.95,2.0,35.0,0.25,30.0,490.0,3.103,1.327,103.869
503,0.5,2.0,35.0,0.25,10.0,490.0,0.425,0.274,118.289
507,0.5,2.0,35.0,0.5,10.0,490.0,1.093,0.822,97.744
337,0.25,2.0,350.0,0.95,10.0,350.0,0.0,0.0,57.75
521,0.5,2.0,35.0,2.0,10.0,490.0,3.672,13.125,43.754
345,0.25,2.0,350.0,2.0,30.0,350.0,0.242,0.253,67.53
505,0.5,2.0,35.0,0.25,30.0,490.0,0.818,0.452,105.259
517,0.5,2.0,35.0,0.95,30.0,490.0,2.943,3.015,79.98
674,0.5,2.0,700.0,0.95,30.0,490.0,0.184,0.126,56.847
668,0.25,2.0,700.0,2.0,30.0,490.0,0.0,0.0,82.0
541,0.95,2.0,35.0,0.5,10.0,490.0,3.29,3.117,76.105
325,0.95,2.0,35.0,0.95,10.0,350.0,5.914,12.903,56.254
341,0.25,2.0,350.0,2.0,10.0,350.0,0.016,0.021,56.839
339,0.25,2.0,350.0,0.95,30.0,350.0,0.0,0.0,88.75
677,0.5,2.0,700.0,2.0,10.0,490.0,1.755,4.3,50.067
510,0.5,2.0,35.0,0.5,30.0,490.0,1.673,1.139,92.206
321,0.95,2.0,35.0,0.5,30.0,350.0,5.8,4.121,88.191
589,0.5,2.0,350.0,2.0,30.0,490.0,3.968,10.595,55.513
353,0.5,2.0,350.0,0.95,10.0,350.0,0.745,0.621,49.438
625,0.5,2.0,490.0,0.95,10.0,490.0,0.133,0.106,55.741
571,0.5,2.0,350.0,0.5,10.0,490.0,0.0,0.0,83.167
463,0.5,2.0,700.0,2.0,30.0,350.0,3.054,6.82,54.493
401,0.25,2.0,490.0,2.0,30.0,350.0,0.007,0.008,60.634
621,0.25,2.0,490.0,2.0,30.0,490.0,0.0,0.0,110.0
405,0.5,2.0,490.0,0.95,10.0,350.0,0.373,0.289,45.853
573,0.5,2.0,350.0,0.5,30.0,490.0,0.1,0.059,71.577
575,0.5,2.0,350.0,0.95,10.0,490.0,0.487,0.384,65.883
409,0.5,2.0,490.0,0.95,30.0,350.0,1.123,0.691,56.251
617,0.25,2.0,490.0,2.0,10.0,490.0,0.0,0.0,70.25
457,0.5,2.0,700.0,2.0,10.0,350.0,2.019,5.275,44.792
454,0.5,2.0,700.0,0.95,30.0,350.0,0.591,0.36,47.721
397,0.25,2.0,490.0,2.0,10.0,350.0,0.0,0.0,93.75
413,0.5,2.0,490.0,2.0,10.0,350.0,2.382,7.946,39.459
451,0.5,2.0,700.0,0.95,10.0,350.0,0.015,0.012,37.737
579,0.5,2.0,350.0,0.95,30.0,490.0,1.289,0.912,77.292
605,0.95,2.0,350.0,0.95,10.0,490.0,3.837,8.166,54.546
448,0.25,2.0,700.0,2.0,30.0,350.0,0.0,0.0,98.0
601,0.95,2.0,350.0,0.5,30.0,490.0,3.483,1.544,93.661
425,0.95,2.0,490.0,0.5,10.0,350.0,1.069,0.621,52.056
445,0.25,2.0,700.0,2.0,10.0,350.0,0.0,0.0,44.5
429,0.95,2.0,490.0,0.5,30.0,350.0,2.679,1.164,75.113
597,0.95,2.0,350.0,0.5,10.0,490.0,1.444,0.926,61.847
583,0.5,2.0,350.0,2.0,10.0,490.0,2.456,8.848,41.252
439,0.95,2.0,490.0,0.95,30.0,350.0,7.331,7.959,89.997
433,0.95,2.0,490.0,0.95,10.0,350.0,3.445,6.673,52.881
611,0.95,2.0,350.0,0.95,30.0,490.0,6.812,9.521,79.654
549,0.95,2.0,35.0,0.95,10.0,490.0,5.758,12.386,59.799
567,0.25,2.0,350.0,2.0,30.0,490.0,0.028,0.031,89.331
629,0.5,2.0,490.0,0.95,30.0,490.0,0.699,0.467,65.412
665,0.25,2.0,700.0,2.0,10.0,490.0,0.0,0.0,inf
495,0.25,2.0,35.0,2.0,10.0,490.0,0.852,1.564,63.413
492,0.25,2.0,35.0,0.95,30.0,490.0,0.476,0.566,83.948
357,0.5,2.0,350.0,0.95,30.0,350.0,1.586,1.124,62.597
659,0.95,2.0,490.0,0.95,30.0,490.0,6.804,7.595,90.061
361,0.5,2.0,350.0,2.0,10.0,350.0,2.735,9.884,38.788
489,0.25,2.0,35.0,0.95,10.0,490.0,0.259,0.347,79.503
653,0.95,2.0,490.0,0.95,10.0,490.0,3.298,6.317,55.277
487,0.25,2.0,35.0,0.5,30.0,490.0,0.152,0.173,85.941
367,0.5,2.0,350.0,2.0,30.0,350.0,4.26,11.43,53.432
649,0.95,2.0,490.0,0.5,30.0,490.0,2.481,1.078,79.586
485,0.25,2.0,35.0,0.5,10.0,490.0,0.051,0.065,84.503
469,0.95,2.0,700.0,0.5,10.0,350.0,0.606,0.35,45.909
555,0.95,2.0,35.0,0.95,30.0,490.0,8.838,13.937,80.518
375,0.95,2.0,350.0,0.25,30.0,350.0,1.069,0.414,62.725
480,0.95,2.0,700.0,0.95,30.0,350.0,6.377,5.427,97.223
377,0.95,2.0,350.0,0.5,10.0,350.0,1.56,1.0,59.263
645,0.95,2.0,490.0,0.5,10.0,490.0,0.906,0.537,52.894
381,0.95,2.0,350.0,0.5,30.0,350.0,3.757,1.659,89.15
639,0.5,2.0,490.0,2.0,30.0,490.0,3.396,8.66,55.551
563,0.25,2.0,350.0,2.0,10.0,490.0,0.0,0.0,68.25
475,0.95,2.0,700.0,0.95,10.0,350.0,2.688,3.987,56.291
385,0.95,2.0,350.0,0.95,10.0,350.0,4.049,8.633,52.749
472,0.95,2.0,700.0,0.5,30.0,350.0,1.737,0.763,59.898
633,0.5,2.0,490.0,2.0,10.0,490.0,2.076,7.018,42.194
391,0.95,2.0,350.0,0.95,30.0,350.0,7.597,9.855,82.563
373,0.95,2.0,350.0,0.25,10.0,350.0,0.176,0.091,57.603
419,0.5,2.0,490.0,2.0,30.0,350.0,3.749,9.61,53.368
528,0.5,2.0,35.0,2.0,30.0,490.0,5.337,14.998,57.453
689,0.95,2.0,700.0,0.5,10.0,490.0,0.429,0.255,46.8
151,0.95,2.0,350.0,0.95,30.0,35.0,8.708,11.163,60.993
795,0.5,2.0,350.0,2.0,10.0,700.0,2.183,7.427,47.497
314,0.95,2.0,35.0,0.25,30.0,350.0,3.264,1.379,95.832
791,0.5,2.0,350.0,0.95,30.0,700.0,0.806,0.568,102.788
157,0.25,2.0,490.0,0.95,10.0,35.0,0.002,0.002,12.43
159,0.25,2.0,490.0,0.95,30.0,35.0,0.14,0.079,32.904
872,0.25,2.0,700.0,2.0,30.0,700.0,0.0,0.0,inf
161,0.25,2.0,490.0,2.0,10.0,35.0,0.72,0.554,34.366
56,0.5,2.0,35.0,2.0,30.0,35.0,7.309,20.0,40.484
165,0.25,2.0,490.0,2.0,30.0,35.0,1.261,0.928,39.097
787,0.5,2.0,350.0,0.95,10.0,700.0,0.212,0.161,93.992
169,0.5,2.0,490.0,0.5,10.0,35.0,0.067,0.045,21.516
171,0.5,2.0,490.0,0.5,30.0,35.0,0.681,0.311,39.007
173,0.5,2.0,490.0,0.95,10.0,35.0,1.064,0.72,31.236
177,0.5,2.0,490.0,0.95,30.0,35.0,2.008,1.113,47.024
875,0.5,2.0,700.0,0.95,10.0,700.0,0.0,0.0,108.0
781,0.25,2.0,350.0,2.0,30.0,700.0,0.0,0.0,131.0
761,0.95,2.0,35.0,0.5,30.0,700.0,4.966,3.54,100.375
201,0.95,2.0,490.0,0.5,30.0,35.0,3.508,1.418,62.816
765,0.95,2.0,35.0,0.95,10.0,700.0,5.587,11.789,63.379
88,0.95,2.0,35.0,0.95,30.0,35.0,11.282,16.849,58.2
197,0.95,2.0,490.0,0.5,10.0,35.0,1.429,0.857,29.71
195,0.95,2.0,490.0,0.25,30.0,35.0,1.167,0.37,46.11
869,0.25,2.0,700.0,2.0,10.0,700.0,0.0,0.0,inf
44,0.5,2.0,35.0,0.95,30.0,35.0,4.231,4.265,50.325
771,0.95,2.0,35.0,0.95,30.0,700.0,8.175,13.265,81.298
878,0.5,2.0,700.0,0.95,30.0,700.0,0.0,0.0,99.667
187,0.5,2.0,490.0,2.0,30.0,35.0,4.922,11.965,41.889
777,0.25,2.0,350.0,2.0,10.0,700.0,0.0,0.0,73.5
49,0.5,2.0,35.0,2.0,10.0,35.0,4.293,17.237,25.652
181,0.5,2.0,490.0,2.0,10.0,35.0,2.992,10.448,25.925
193,0.95,2.0,490.0,0.25,10.0,35.0,0.13,0.079,19.117
39,0.5,2.0,35.0,0.95,10.0,35.0,2.695,3.678,33.398
801,0.5,2.0,350.0,2.0,30.0,700.0,3.029,8.821,56.49
145,0.95,2.0,350.0,0.95,10.0,35.0,4.463,9.697,32.947
853,0.95,2.0,490.0,0.5,10.0,700.0,0.671,0.399,60.379
841,0.5,2.0,490.0,2.0,10.0,700.0,1.782,5.587,49.512
81,0.95,2.0,35.0,0.95,10.0,35.0,6.417,14.911,35.66
838,0.5,2.0,490.0,0.95,30.0,700.0,0.272,0.198,93.105
95,0.25,2.0,350.0,0.95,10.0,35.0,0.037,0.029,22.203
97,0.25,2.0,350.0,0.95,30.0,35.0,0.423,0.243,38.331
99,0.25,2.0,350.0,2.0,10.0,35.0,1.012,0.969,33.812
103,0.25,2.0,350.0,2.0,30.0,35.0,1.523,1.395,38.935
835,0.5,2.0,490.0,0.95,10.0,700.0,0.003,0.002,73.639
107,0.5,2.0,350.0,0.5,10.0,35.0,0.298,0.196,23.453
856,0.95,2.0,490.0,0.5,30.0,700.0,2.094,0.934,87.584
110,0.5,2.0,350.0,0.5,30.0,35.0,1.08,0.507,40.786
831,0.25,2.0,490.0,2.0,30.0,700.0,0.0,0.0,87.75
113,0.5,2.0,350.0,0.95,10.0,35.0,1.285,1.092,29.63
76,0.95,2.0,35.0,0.5,30.0,35.0,7.13,4.604,68.018
117,0.5,2.0,350.0,0.95,30.0,35.0,2.556,1.63,49.677
827,0.25,2.0,490.0,2.0,10.0,700.0,0.0,0.0,inf
807,0.95,2.0,350.0,0.5,10.0,700.0,1.247,0.775,73.322
141,0.95,2.0,350.0,0.5,30.0,35.0,4.42,1.964,65.469
137,0.95,2.0,350.0,0.5,10.0,35.0,1.899,1.283,30.896
135,0.95,2.0,350.0,0.25,30.0,35.0,1.714,0.555,49.689
133,0.95,2.0,350.0,0.25,10.0,35.0,0.401,0.237,22.66
864,0.95,2.0,490.0,0.95,30.0,700.0,5.818,7.002,88.044
63,0.95,2.0,35.0,0.25,10.0,35.0,2.147,1.18,35.772
811,0.95,2.0,350.0,0.5,30.0,700.0,2.956,1.379,99.193
815,0.95,2.0,350.0,0.95,10.0,700.0,3.537,7.401,57.831
127,0.5,2.0,350.0,2.0,30.0,35.0,5.31,14.191,40.069
71,0.95,2.0,35.0,0.5,10.0,35.0,3.649,3.874,36.136
821,0.95,2.0,350.0,0.95,30.0,700.0,6.026,8.777,79.954
859,0.95,2.0,490.0,0.95,10.0,700.0,3.068,5.61,61.38
121,0.5,2.0,350.0,2.0,10.0,35.0,3.244,12.376,25.456
67,0.95,2.0,35.0,0.25,30.0,35.0,3.507,1.499,59.729
205,0.95,2.0,490.0,0.95,10.0,35.0,3.861,7.821,32.2
881,0.5,2.0,700.0,2.0,10.0,700.0,1.232,3.054,55.157
757,0.95,2.0,35.0,0.5,10.0,700.0,3.191,2.856,86.161
723,0.5,2.0,35.0,0.5,10.0,700.0,0.808,0.694,103.594
254,0.95,2.0,700.0,0.95,30.0,35.0,7.528,6.553,72.614
259,0.25,2.0,35.0,0.5,10.0,350.0,0.1,0.116,80.096
261,0.25,2.0,35.0,0.5,30.0,350.0,0.252,0.261,79.744
266,0.25,2.0,35.0,0.95,30.0,350.0,0.636,0.711,74.616
17,0.25,2.0,35.0,2.0,10.0,35.0,1.757,3.661,27.669
717,0.25,2.0,35.0,2.0,30.0,700.0,0.846,1.351,84.369
269,0.25,2.0,35.0,2.0,10.0,350.0,1.099,2.029,56.171
713,0.25,2.0,35.0,2.0,10.0,700.0,0.544,0.966,74.798
13,0.25,2.0,35.0,0.95,30.0,35.0,1.283,1.194,37.255
274,0.25,2.0,35.0,2.0,30.0,350.0,1.537,2.525,61.946
902,0.95,2.0,700.0,0.95,30.0,700.0,5.216,4.619,95.452
710,0.25,2.0,35.0,0.95,30.0,700.0,0.262,0.35,95.012
279,0.5,2.0,35.0,0.25,10.0,350.0,0.497,0.315,101.523
281,0.5,2.0,35.0,0.25,30.0,350.0,0.938,0.492,96.809
283,0.5,2.0,35.0,0.5,10.0,350.0,1.167,0.902,81.062
286,0.5,2.0,35.0,0.5,30.0,350.0,1.978,1.257,83.012
311,0.95,2.0,35.0,0.25,10.0,350.0,1.94,1.025,88.322
1,0.25,2.0,35.0,0.25,10.0,35.0,0.107,0.098,26.402
692,0.95,2.0,700.0,0.5,30.0,490.0,1.404,0.654,58.616
3,0.25,2.0,35.0,0.25,30.0,35.0,0.293,0.182,39.515
304,0.5,2.0,35.0,2.0,30.0,350.0,5.719,16.015,55.246
695,0.95,2.0,700.0,0.95,10.0,490.0,2.525,3.623,59.3
897,0.95,2.0,700.0,0.95,10.0,700.0,2.244,3.174,62.684
5,0.25,2.0,35.0,0.5,10.0,35.0,0.34,0.346,28.144
7,0.25,2.0,35.0,0.5,30.0,35.0,0.682,0.506,41.798
9,0.25,2.0,35.0,0.95,10.0,35.0,0.786,0.909,28.009
297,0.5,2.0,35.0,2.0,10.0,350.0,3.784,13.961,40.432
293,0.5,2.0,35.0,0.95,30.0,350.0,3.468,3.356,75.88
707,0.25,2.0,35.0,0.95,10.0,700.0,0.13,0.188,88.637
289,0.5,2.0,35.0,0.95,10.0,350.0,2.129,2.709,60.225
700,0.95,2.0,700.0,0.95,30.0,490.0,5.985,5.096,98.225
249,0.95,2.0,700.0,0.95,10.0,35.0,3.215,5.241,31.872
263,0.25,2.0,35.0,0.95,10.0,350.0,0.369,0.478,69.865
31,0.5,2.0,35.0,0.5,10.0,35.0,1.536,1.173,33.386
211,0.95,2.0,490.0,0.95,30.0,35.0,8.282,8.948,67.342
886,0.5,2.0,700.0,2.0,30.0,700.0,2.168,4.512,66.579
754,0.95,2.0,35.0,0.25,30.0,700.0,2.794,1.255,111.061
35,0.5,2.0,35.0,0.5,30.0,35.0,2.471,1.507,51.662
217,0.25,2.0,700.0,2.0,10.0,35.0,0.354,0.248,30.625
751,0.95,2.0,35.0,0.25,10.0,700.0,1.66,0.912,113.647
221,0.25,2.0,700.0,2.0,30.0,35.0,0.971,0.596,39.93
891,0.95,2.0,700.0,0.5,10.0,700.0,0.162,0.1,52.662
744,0.5,2.0,35.0,2.0,30.0,700.0,4.668,13.831,57.466
225,0.5,2.0,700.0,0.95,10.0,35.0,0.769,0.454,31.038
228,0.5,2.0,700.0,0.95,30.0,35.0,1.427,0.753,40.093
726,0.5,2.0,35.0,0.5,30.0,700.0,1.362,0.993,109.899
29,0.5,2.0,35.0,0.25,30.0,35.0,1.489,0.619,57.049
231,0.5,2.0,700.0,2.0,10.0,35.0,2.501,7.799,26.037
27,0.5,2.0,35.0,0.25,10.0,35.0,0.707,0.453,29.293
847,0.5,2.0,490.0,2.0,30.0,700.0,2.812,7.064,62.627
737,0.5,2.0,35.0,2.0,10.0,700.0,3.373,12.013,46.968
733,0.5,2.0,35.0,0.95,30.0,700.0,2.616,2.647,94.741
246,0.95,2.0,700.0,0.5,30.0,35.0,2.306,0.958,50.781
729,0.5,2.0,35.0,0.95,10.0,700.0,1.734,2.159,79.271
237,0.5,2.0,700.0,2.0,30.0,35.0,4.173,9.286,41.319
22,0.25,2.0,35.0,2.0,30.0,35.0,2.26,4.11,33.652
243,0.95,2.0,700.0,0.5,10.0,35.0,0.948,0.543,26.754
894,0.95,2.0,700.0,0.5,30.0,700.0,1.027,0.489,66.024
876,0.5,5.0,700.0,0.95,10.0,700.0,0.0,0.0,52.5
854,0.95,5.0,490.0,0.5,10.0,700.0,0.225,0.187,45.297
887,0.5,5.0,700.0,2.0,30.0,700.0,0.942,3.059,43.95
542,0.95,5.0,35.0,0.5,10.0,490.0,1.86,2.874,46.26
882,0.5,5.0,700.0,2.0,10.0,700.0,0.459,1.524,41.687
895,0.95,5.0,700.0,0.5,30.0,700.0,0.31,0.227,42.863
529,0.5,5.0,35.0,2.0,30.0,490.0,2.817,13.482,33.833
848,0.5,5.0,490.0,2.0,30.0,700.0,1.38,5.686,39.092
536,0.95,5.0,35.0,0.25,10.0,490.0,0.944,0.838,62.593
873,0.25,5.0,700.0,2.0,30.0,700.0,0.0,0.0,inf
865,0.95,5.0,490.0,0.95,30.0,700.0,2.417,6.133,44.379
546,0.95,5.0,35.0,0.5,30.0,490.0,2.866,3.472,56.434
879,0.5,5.0,700.0,0.95,30.0,700.0,0.0,0.0,67.0
556,0.95,5.0,35.0,0.95,30.0,490.0,4.501,13.023,45.036
903,0.95,5.0,700.0,0.95,30.0,700.0,2.063,3.678,49.557
857,0.95,5.0,490.0,0.5,30.0,700.0,0.688,0.542,43.422
539,0.95,5.0,35.0,0.25,30.0,490.0,1.593,1.185,62.465
550,0.95,5.0,35.0,0.95,10.0,490.0,3.244,11.781,35.117
898,0.95,5.0,700.0,0.95,10.0,700.0,1.32,2.517,46.38
860,0.95,5.0,490.0,0.95,10.0,700.0,1.791,5.16,40.27
892,0.95,5.0,700.0,0.5,10.0,700.0,0.003,0.003,26.271
564,0.25,5.0,350.0,2.0,10.0,490.0,0.0,0.0,42.25
870,0.25,5.0,700.0,2.0,10.0,700.0,0.0,0.0,inf
602,0.95,5.0,350.0,0.5,30.0,490.0,1.358,1.129,46.868
842,0.5,5.0,490.0,2.0,10.0,700.0,0.96,4.305,35.956
640,0.5,5.0,490.0,2.0,30.0,490.0,1.753,7.197,36.648
755,0.95,5.0,35.0,0.25,30.0,700.0,1.48,1.094,74.758
752,0.95,5.0,35.0,0.25,10.0,700.0,0.805,0.762,69.405
745,0.5,5.0,35.0,2.0,30.0,700.0,2.568,12.225,36.259
646,0.95,5.0,490.0,0.5,10.0,490.0,0.47,0.343,45.608
738,0.5,5.0,35.0,2.0,10.0,700.0,2.146,10.979,32.968
650,0.95,5.0,490.0,0.5,30.0,490.0,1.011,0.707,44.015
734,0.5,5.0,35.0,0.95,30.0,700.0,1.146,2.1,54.597
654,0.95,5.0,490.0,0.95,10.0,490.0,2.05,5.814,37.799
730,0.5,5.0,35.0,0.95,10.0,700.0,0.853,1.69,51.135
727,0.5,5.0,35.0,0.5,30.0,700.0,0.504,0.677,62.776
660,0.95,5.0,490.0,0.95,30.0,490.0,2.825,6.878,44.349
758,0.95,5.0,35.0,0.5,10.0,700.0,1.78,2.589,53.332
724,0.5,5.0,35.0,0.5,10.0,700.0,0.307,0.457,61.307
714,0.25,5.0,35.0,2.0,10.0,700.0,0.106,0.336,44.798
669,0.25,5.0,700.0,2.0,30.0,490.0,0.0,0.0,38.0
711,0.25,5.0,35.0,0.95,30.0,700.0,0.026,0.075,45.638
708,0.25,5.0,35.0,0.95,10.0,700.0,0.011,0.032,47.224
672,0.5,5.0,700.0,0.95,10.0,490.0,0.0,0.0,54.0
675,0.5,5.0,700.0,0.95,30.0,490.0,0.0,0.0,39.667
701,0.95,5.0,700.0,0.95,30.0,490.0,2.275,4.172,47.997
696,0.95,5.0,700.0,0.95,10.0,490.0,1.631,3.123,44.433
678,0.5,5.0,700.0,2.0,10.0,490.0,0.955,3.255,38.893
693,0.95,5.0,700.0,0.5,30.0,490.0,0.654,0.402,42.978
690,0.95,5.0,700.0,0.5,10.0,490.0,0.096,0.066,44.208
684,0.5,5.0,700.0,2.0,30.0,490.0,1.333,4.425,40.165
666,0.25,5.0,700.0,2.0,10.0,490.0,0.0,0.0,inf
568,0.25,5.0,350.0,2.0,30.0,490.0,0.0,0.0,50.5
634,0.5,5.0,490.0,2.0,10.0,490.0,1.313,5.919,32.957
630,0.5,5.0,490.0,0.95,30.0,490.0,0.068,0.074,41.907
839,0.5,5.0,490.0,0.95,30.0,700.0,0.0,0.0,51.125
836,0.5,5.0,490.0,0.95,10.0,700.0,0.0,0.0,76.0
576,0.5,5.0,350.0,0.95,10.0,490.0,0.053,0.063,43.628
832,0.25,5.0,490.0,2.0,30.0,700.0,0.0,0.0,inf
828,0.25,5.0,490.0,2.0,10.0,700.0,0.0,0.0,inf
580,0.5,5.0,350.0,0.95,30.0,490.0,0.286,0.319,43.131
822,0.95,5.0,350.0,0.95,30.0,700.0,2.725,7.882,42.375
816,0.95,5.0,350.0,0.95,10.0,700.0,2.077,6.823,37.905
584,0.5,5.0,350.0,2.0,10.0,490.0,1.574,7.624,32.116
812,0.95,5.0,350.0,0.5,30.0,700.0,1.177,0.961,53.72
590,0.5,5.0,350.0,2.0,30.0,490.0,2.063,9.075,35.251
808,0.95,5.0,350.0,0.5,10.0,700.0,0.539,0.489,45.599
762,0.95,5.0,35.0,0.5,30.0,700.0,2.551,3.125,61.195
802,0.5,5.0,350.0,2.0,30.0,700.0,1.649,7.402,37.202
796,0.5,5.0,350.0,2.0,10.0,700.0,1.231,6.258,32.648
792,0.5,5.0,350.0,0.95,30.0,700.0,0.077,0.09,58.876
606,0.95,5.0,350.0,0.95,10.0,490.0,2.303,7.515,35.6
788,0.5,5.0,350.0,0.95,10.0,700.0,0.001,0.002,48.411
612,0.95,5.0,350.0,0.95,30.0,490.0,3.075,8.739,41.643
618,0.25,5.0,490.0,2.0,10.0,490.0,0.0,0.0,inf
782,0.25,5.0,350.0,2.0,30.0,700.0,0.0,0.0,inf
778,0.25,5.0,350.0,2.0,10.0,700.0,0.0,0.0,inf
622,0.25,5.0,490.0,2.0,30.0,490.0,0.0,0.0,39.75
772,0.95,5.0,35.0,0.95,30.0,700.0,4.274,12.307,47.015
766,0.95,5.0,35.0,0.95,10.0,700.0,3.147,11.138,37.91
626,0.5,5.0,490.0,0.95,10.0,490.0,0.001,0.001,26.671
598,0.95,5.0,350.0,0.5,10.0,490.0,0.788,0.67,45.591
718,0.25,5.0,35.0,2.0,30.0,700.0,0.179,0.546,45.222
452,0.5,5.0,700.0,0.95,10.0,350.0,0.0,0.0,26.0
267,0.25,5.0,35.0,0.95,30.0,350.0,0.159,0.33,45.675
198,0.95,5.0,490.0,0.5,10.0,35.0,0.98,0.709,22.716
368,0.5,5.0,350.0,2.0,30.0,350.0,2.375,10.223,33.745
188,0.5,5.0,490.0,2.0,30.0,35.0,2.583,10.796,24.133
378,0.95,5.0,350.0,0.5,10.0,350.0,0.952,0.798,45.483
182,0.5,5.0,490.0,2.0,10.0,35.0,2.15,9.668,20.569
382,0.95,5.0,350.0,0.5,30.0,350.0,1.519,1.232,46.434
178,0.5,5.0,490.0,0.95,30.0,35.0,1.031,0.76,31.846
386,0.95,5.0,350.0,0.95,10.0,350.0,2.398,8.042,33.4
174,0.5,5.0,490.0,0.95,10.0,35.0,0.516,0.443,23.611
166,0.25,5.0,490.0,2.0,30.0,35.0,0.172,0.209,23.619
392,0.95,5.0,350.0,0.95,30.0,350.0,3.493,9.158,43.807
162,0.25,5.0,490.0,2.0,10.0,35.0,0.014,0.019,16.848
152,0.95,5.0,350.0,0.95,30.0,35.0,3.768,10.242,29.037
202,0.95,5.0,490.0,0.5,30.0,35.0,1.582,1.017,32.713
398,0.25,5.0,490.0,2.0,10.0,350.0,0.0,0.0,33.75
146,0.95,5.0,350.0,0.95,10.0,35.0,2.692,9.218,21.396
406,0.5,5.0,490.0,0.95,10.0,350.0,0.007,0.009,29.596
142,0.95,5.0,350.0,0.5,30.0,35.0,1.905,1.51,32.308
138,0.95,5.0,350.0,0.5,10.0,35.0,1.209,1.079,21.523
414,0.5,5.0,490.0,2.0,10.0,350.0,1.559,6.842,32.011
128,0.5,5.0,350.0,2.0,30.0,35.0,2.759,12.739,23.241
122,0.5,5.0,350.0,2.0,10.0,35.0,2.398,11.668,20.598
420,0.5,5.0,490.0,2.0,30.0,350.0,2.075,8.247,35.323
118,0.5,5.0,350.0,0.95,30.0,35.0,1.284,1.187,31.707
426,0.95,5.0,490.0,0.5,10.0,350.0,0.669,0.467,45.62
114,0.5,5.0,350.0,0.95,10.0,35.0,0.814,0.809,23.66
430,0.95,5.0,490.0,0.5,30.0,350.0,1.201,0.816,44.763
111,0.5,5.0,350.0,0.5,30.0,35.0,0.393,0.249,28.209
402,0.25,5.0,490.0,2.0,30.0,350.0,0.0,0.0,56.0
434,0.95,5.0,490.0,0.95,10.0,350.0,2.163,6.269,35.413
206,0.95,5.0,490.0,0.95,10.0,35.0,2.373,7.295,21.028
358,0.5,5.0,350.0,0.95,30.0,350.0,0.553,0.592,42.679
290,0.5,5.0,35.0,0.95,10.0,350.0,1.185,2.369,38.539
287,0.5,5.0,35.0,0.5,30.0,350.0,0.808,0.945,50.165
298,0.5,5.0,35.0,2.0,10.0,350.0,2.583,13.31,29.051
284,0.5,5.0,35.0,0.5,10.0,350.0,0.458,0.657,45.089
275,0.25,5.0,35.0,2.0,30.0,350.0,0.573,1.622,38.311
270,0.25,5.0,35.0,2.0,10.0,350.0,0.419,1.305,34.657
305,0.5,5.0,35.0,2.0,30.0,350.0,2.969,14.499,31.434
264,0.25,5.0,35.0,0.95,10.0,350.0,0.074,0.182,39.286
255,0.95,5.0,700.0,0.95,30.0,35.0,2.79,5.873,29.422
312,0.95,5.0,35.0,0.25,10.0,350.0,1.052,0.899,56.322
315,0.95,5.0,35.0,0.25,30.0,350.0,1.726,1.231,60.334
250,0.95,5.0,700.0,0.95,10.0,35.0,2.008,4.75,21.055
247,0.95,5.0,700.0,0.5,30.0,35.0,1.308,0.726,33.031
362,0.5,5.0,350.0,2.0,10.0,350.0,1.912,8.863,31.299
318,0.95,5.0,35.0,0.5,10.0,350.0,1.921,3.077,42.801
322,0.95,5.0,35.0,0.5,30.0,350.0,2.969,3.68,52.917
238,0.5,5.0,700.0,2.0,30.0,35.0,2.286,8.13,25.836
326,0.95,5.0,35.0,0.95,10.0,350.0,3.347,12.212,33.484
232,0.5,5.0,700.0,2.0,10.0,35.0,1.796,6.961,20.595
229,0.5,5.0,700.0,0.95,30.0,35.0,0.778,0.489,34.404
332,0.95,5.0,35.0,0.95,30.0,350.0,4.662,13.59,42.813
226,0.5,5.0,700.0,0.95,10.0,35.0,0.199,0.155,19.972
342,0.25,5.0,350.0,2.0,10.0,350.0,0.0,0.0,57.75
222,0.25,5.0,700.0,2.0,30.0,35.0,0.006,0.008,16.008
346,0.25,5.0,350.0,2.0,30.0,350.0,0.0,0.0,39.375
354,0.5,5.0,350.0,0.95,10.0,350.0,0.194,0.202,44.872
218,0.25,5.0,700.0,2.0,10.0,35.0,0.002,0.003,12.317
212,0.95,5.0,490.0,0.95,30.0,35.0,3.371,8.415,29.258
244,0.95,5.0,700.0,0.5,10.0,35.0,0.691,0.428,23.872
108,0.5,5.0,350.0,0.5,10.0,35.0,0.048,0.042,16.052
410,0.5,5.0,490.0,0.95,30.0,350.0,0.289,0.265,42.606
294,0.5,5.0,35.0,0.95,30.0,350.0,1.505,2.79,40.901
77,0.95,5.0,35.0,0.5,30.0,35.0,3.478,4.205,35.965
508,0.5,5.0,35.0,0.5,10.0,490.0,0.385,0.563,52.738
32,0.5,5.0,35.0,0.5,10.0,35.0,0.756,0.973,21.006
500,0.25,5.0,35.0,2.0,30.0,490.0,0.423,1.163,44.557
455,0.5,5.0,700.0,0.95,30.0,350.0,0.005,0.005,25.456
72,0.95,5.0,35.0,0.5,10.0,35.0,2.163,3.622,22.827
496,0.25,5.0,35.0,2.0,10.0,490.0,0.262,0.801,40.275
464,0.5,5.0,700.0,2.0,30.0,350.0,1.681,5.674,37.581
493,0.25,5.0,35.0,0.95,30.0,490.0,0.09,0.2,49.466
449,0.25,5.0,700.0,2.0,30.0,350.0,0.0,0.0,32.25
36,0.5,5.0,35.0,0.5,30.0,35.0,1.148,1.247,27.626
64,0.95,5.0,35.0,0.25,10.0,35.0,1.209,1.062,22.197
40,0.5,5.0,35.0,0.95,10.0,35.0,1.556,3.241,21.844
490,0.25,5.0,35.0,0.95,10.0,490.0,0.036,0.1,40.495
470,0.95,5.0,700.0,0.5,10.0,350.0,0.257,0.162,45.189
473,0.95,5.0,700.0,0.5,30.0,350.0,0.876,0.516,43.215
476,0.95,5.0,700.0,0.95,10.0,350.0,1.773,3.554,41.173
45,0.5,5.0,35.0,0.95,30.0,35.0,2.022,3.704,27.185
57,0.5,5.0,35.0,2.0,30.0,35.0,3.62,17.861,22.302
50,0.5,5.0,35.0,2.0,10.0,35.0,2.923,16.318,18.872
68,0.95,5.0,35.0,0.25,30.0,35.0,1.992,1.366,35.558
511,0.5,5.0,35.0,0.5,30.0,490.0,0.682,0.828,57.545
458,0.5,5.0,700.0,2.0,10.0,350.0,1.188,4.224,35.758
446,0.25,5.0,700.0,2.0,10.0,350.0,0.0,0.0,29.5
104,0.25,5.0,350.0,2.0,30.0,35.0,0.421,0.586,25.3
10,0.25,5.0,35.0,0.95,10.0,35.0,0.305,0.603,18.886
100,0.25,5.0,350.0,2.0,10.0,35.0,0.153,0.234,20.002
440,0.95,5.0,490.0,0.95,30.0,350.0,2.972,7.239,43.347
14,0.25,5.0,35.0,0.95,30.0,35.0,0.485,0.814,23.35
89,0.95,5.0,35.0,0.95,30.0,35.0,5.194,15.556,29.535
18,0.25,5.0,35.0,2.0,10.0,35.0,0.938,2.933,19.138
522,0.5,5.0,35.0,2.0,10.0,490.0,2.387,12.304,30.566
481,0.95,5.0,700.0,0.95,30.0,350.0,2.417,4.611,46.056
514,0.5,5.0,35.0,0.95,10.0,490.0,1.015,2.045,42.866
23,0.25,5.0,35.0,2.0,30.0,35.0,1.233,3.318,23.502
518,0.5,5.0,35.0,0.95,30.0,490.0,1.358,2.484,46.303
82,0.95,5.0,35.0,0.95,10.0,35.0,3.626,14.23,21.325
731,0.5,10.0,35.0,0.95,10.0,700.0,0.38,1.137,35.599
24,0.25,10.0,35.0,2.0,30.0,35.0,0.464,2.309,14.408
46,0.5,10.0,35.0,0.95,30.0,35.0,1.214,3.093,20.169
213,0.95,10.0,490.0,0.95,30.0,35.0,2.343,7.648,22.271
11,0.25,10.0,35.0,0.95,10.0,35.0,0.075,0.284,13.374
219,0.25,10.0,700.0,2.0,10.0,35.0,0.0,0.0,5.45
41,0.5,10.0,35.0,0.95,10.0,35.0,0.941,2.737,16.205
746,0.5,10.0,35.0,2.0,30.0,700.0,1.486,10.277,25.38
883,0.5,10.0,700.0,2.0,10.0,700.0,0.002,0.008,29.058
899,0.95,10.0,700.0,0.95,10.0,700.0,0.726,1.633,42.142
239,0.5,10.0,700.0,2.0,30.0,35.0,1.332,6.647,18.607
256,0.95,10.0,700.0,0.95,30.0,35.0,1.944,5.144,22.471
37,0.5,10.0,35.0,0.5,30.0,35.0,0.561,0.935,18.815
276,0.25,10.0,35.0,2.0,30.0,350.0,0.131,0.695,21.085
739,0.5,10.0,35.0,2.0,10.0,700.0,1.268,9.294,23.429
251,0.95,10.0,700.0,0.95,10.0,35.0,1.468,4.212,17.162
271,0.25,10.0,35.0,2.0,10.0,350.0,0.094,0.53,18.659
715,0.25,10.0,35.0,2.0,10.0,700.0,0.011,0.071,21.717
719,0.25,10.0,35.0,2.0,30.0,700.0,0.02,0.106,26.752
207,0.95,10.0,490.0,0.95,10.0,35.0,1.824,6.648,17.527
233,0.5,10.0,700.0,2.0,10.0,35.0,1.019,5.602,14.506
888,0.5,10.0,700.0,2.0,30.0,700.0,0.107,0.673,25.908
735,0.5,10.0,35.0,0.95,30.0,700.0,0.528,1.437,39.005
33,0.5,10.0,35.0,0.5,10.0,35.0,0.373,0.717,15.504
19,0.25,10.0,35.0,2.0,10.0,35.0,0.374,1.975,13.518
223,0.25,10.0,700.0,2.0,30.0,35.0,0.0,0.0,11.163
15,0.25,10.0,35.0,0.95,30.0,35.0,0.129,0.393,14.745
105,0.25,10.0,350.0,2.0,30.0,35.0,0.003,0.006,12.334
51,0.5,10.0,35.0,2.0,10.0,35.0,2.086,15.14,14.934
803,0.5,10.0,350.0,2.0,30.0,700.0,0.844,5.773,25.505
143,0.95,10.0,350.0,0.5,30.0,35.0,1.261,1.198,25.342
291,0.5,10.0,35.0,0.95,10.0,350.0,0.625,1.823,29.702
139,0.95,10.0,350.0,0.5,10.0,35.0,0.803,0.84,17.788
809,0.95,10.0,350.0,0.5,10.0,700.0,0.146,0.157,44.645
78,0.95,10.0,35.0,0.5,30.0,35.0,2.002,3.745,22.75
813,0.95,10.0,350.0,0.5,30.0,700.0,0.472,0.512,42.66
129,0.5,10.0,350.0,2.0,30.0,35.0,1.781,11.572,17.093
83,0.95,10.0,35.0,0.95,10.0,35.0,2.643,13.353,16.993
817,0.95,10.0,350.0,0.95,10.0,700.0,1.428,6.025,31.311
123,0.5,10.0,350.0,2.0,10.0,35.0,1.47,10.069,14.87
849,0.5,10.0,490.0,2.0,30.0,700.0,0.536,3.653,25.481
843,0.5,10.0,490.0,2.0,10.0,700.0,0.313,2.688,20.421
823,0.95,10.0,350.0,0.95,30.0,700.0,1.952,7.035,35.516
119,0.5,10.0,350.0,0.95,30.0,35.0,0.431,0.566,21.13
115,0.5,10.0,350.0,0.95,10.0,35.0,0.172,0.241,15.893
90,0.95,10.0,35.0,0.95,30.0,35.0,3.223,14.586,19.534
829,0.25,10.0,490.0,2.0,10.0,700.0,0.0,0.0,inf
101,0.25,10.0,350.0,2.0,10.0,35.0,0.002,0.004,12.22
73,0.95,10.0,35.0,0.5,10.0,35.0,1.546,3.303,18.049
147,0.95,10.0,350.0,0.95,10.0,35.0,2.142,8.706,18.149
797,0.5,10.0,350.0,2.0,10.0,700.0,0.576,4.647,21.453
153,0.95,10.0,350.0,0.95,30.0,35.0,2.514,9.536,21.451
203,0.95,10.0,490.0,0.5,30.0,35.0,1.013,0.773,25.802
763,0.95,10.0,35.0,0.5,30.0,700.0,1.419,2.702,40.642
199,0.95,10.0,490.0,0.5,10.0,35.0,0.534,0.466,17.804
833,0.25,10.0,490.0,2.0,30.0,700.0,0.0,0.0,inf
189,0.5,10.0,490.0,2.0,30.0,35.0,1.587,9.378,17.903
58,0.5,10.0,35.0,2.0,30.0,35.0,2.321,16.06,16.226
773,0.95,10.0,35.0,0.95,30.0,700.0,2.767,11.552,32.69
183,0.5,10.0,490.0,2.0,10.0,35.0,1.279,8.189,14.625
779,0.25,10.0,350.0,2.0,10.0,700.0,0.0,0.0,inf
759,0.95,10.0,35.0,0.5,10.0,700.0,1.112,2.281,38.406
866,0.95,10.0,490.0,0.95,30.0,700.0,1.601,5.335,36.348
65,0.95,10.0,35.0,0.25,10.0,35.0,0.693,0.901,16.22
783,0.25,10.0,350.0,2.0,30.0,700.0,0.0,0.0,inf
175,0.5,10.0,490.0,0.95,10.0,35.0,0.029,0.037,13.895
167,0.25,10.0,490.0,2.0,30.0,35.0,0.002,0.003,11.97
861,0.95,10.0,490.0,0.95,10.0,700.0,1.17,4.164,34.55
163,0.25,10.0,490.0,2.0,10.0,35.0,0.001,0.002,11.915
789,0.5,10.0,350.0,0.95,10.0,700.0,0.0,0.0,48.0
69,0.95,10.0,35.0,0.25,30.0,35.0,1.083,1.174,22.547
793,0.5,10.0,350.0,0.95,30.0,700.0,0.0,0.0,39.0
179,0.5,10.0,490.0,0.95,30.0,35.0,0.195,0.228,19.274
767,0.95,10.0,35.0,0.95,10.0,700.0,2.277,10.762,28.694
530,0.5,10.0,35.0,2.0,30.0,490.0,1.743,12.001,23.759
407,0.5,10.0,490.0,0.95,10.0,350.0,0.0,0.0,34.75
421,0.5,10.0,490.0,2.0,30.0,350.0,1.068,6.464,25.422
343,0.25,10.0,350.0,2.0,10.0,350.0,0.0,0.0,18.25
347,0.25,10.0,350.0,2.0,30.0,350.0,0.0,0.0,26.25
393,0.95,10.0,350.0,0.95,30.0,350.0,2.361,8.411,32.525
569,0.25,10.0,350.0,2.0,30.0,490.0,0.0,0.0,23.25
355,0.5,10.0,350.0,0.95,10.0,350.0,0.002,0.004,20.043
465,0.5,10.0,700.0,2.0,30.0,350.0,0.734,3.752,28.319
631,0.5,10.0,490.0,0.95,30.0,490.0,0.0,0.0,34.25
603,0.95,10.0,350.0,0.5,30.0,490.0,0.726,0.735,42.749
459,0.5,10.0,700.0,2.0,10.0,350.0,0.363,2.257,23.459
661,0.95,10.0,490.0,0.95,30.0,490.0,1.873,6.077,34.628
577,0.5,10.0,350.0,0.95,10.0,490.0,0.0,0.0,40.75
411,0.5,10.0,490.0,0.95,30.0,350.0,0.002,0.003,20.682
359,0.5,10.0,350.0,0.95,30.0,350.0,0.023,0.033,35.52
904,0.95,10.0,700.0,0.95,30.0,700.0,1.164,2.729,41.012
581,0.5,10.0,350.0,0.95,30.0,490.0,0.002,0.004,26.625
655,0.95,10.0,490.0,0.95,10.0,490.0,1.393,5.076,31.532
591,0.5,10.0,350.0,2.0,30.0,490.0,1.095,7.129,25.311
431,0.95,10.0,490.0,0.5,30.0,350.0,0.62,0.5,42.809
641,0.5,10.0,490.0,2.0,30.0,490.0,0.851,5.481,25.32
383,0.95,10.0,350.0,0.5,30.0,350.0,0.92,0.86,42.735
647,0.95,10.0,490.0,0.5,10.0,490.0,0.06,0.059,40.233
585,0.5,10.0,350.0,2.0,10.0,490.0,0.811,6.062,21.81
565,0.25,10.0,350.0,2.0,10.0,490.0,0.0,0.0,inf
427,0.95,10.0,490.0,0.5,10.0,350.0,0.163,0.141,40.987
441,0.95,10.0,490.0,0.95,30.0,350.0,2.07,6.494,33.803
369,0.5,10.0,350.0,2.0,30.0,350.0,1.246,8.235,23.733
635,0.5,10.0,490.0,2.0,10.0,490.0,0.526,4.021,21.281
651,0.95,10.0,490.0,0.5,30.0,490.0,0.435,0.372,42.621
387,0.95,10.0,350.0,0.95,10.0,350.0,1.879,7.399,29.349
363,0.5,10.0,350.0,2.0,10.0,350.0,0.964,7.102,20.993
599,0.95,10.0,350.0,0.5,10.0,490.0,0.301,0.305,44.694
435,0.95,10.0,490.0,0.95,10.0,350.0,1.515,5.509,29.667
477,0.95,10.0,700.0,0.95,10.0,350.0,1.137,2.817,34.327
627,0.5,10.0,490.0,0.95,10.0,490.0,0.0,0.0,47.0
547,0.95,10.0,35.0,0.5,30.0,490.0,1.63,2.998,38.833
501,0.25,10.0,35.0,2.0,30.0,490.0,0.074,0.354,25.776
403,0.25,10.0,490.0,2.0,30.0,350.0,0.0,0.0,20.5
543,0.95,10.0,35.0,0.5,10.0,490.0,1.259,2.571,36.242
306,0.5,10.0,35.0,2.0,30.0,350.0,1.866,12.947,22.322
515,0.5,10.0,35.0,0.95,10.0,490.0,0.493,1.481,31.793
607,0.95,10.0,350.0,0.95,10.0,490.0,1.7,6.755,30.775
619,0.25,10.0,490.0,2.0,10.0,490.0,0.0,0.0,inf
697,0.95,10.0,700.0,0.95,10.0,490.0,0.988,2.289,38.614
523,0.5,10.0,35.0,2.0,10.0,490.0,1.497,11.056,21.654
613,0.95,10.0,350.0,0.95,30.0,490.0,2.193,7.898,33.57
295,0.5,10.0,35.0,0.95,30.0,350.0,0.861,2.218,33.232
299,0.5,10.0,35.0,2.0,10.0,350.0,1.648,12.051,20.657
702,0.95,10.0,700.0,0.95,30.0,490.0,1.472,3.359,39.994
519,0.5,10.0,35.0,0.95,30.0,490.0,0.717,1.872,35.268
497,0.25,10.0,35.0,2.0,10.0,490.0,0.045,0.249,21.846
623,0.25,10.0,490.0,2.0,30.0,490.0,0.0,0.0,23.0
685,0.5,10.0,700.0,2.0,30.0,490.0,0.48,2.455,29.522
333,0.95,10.0,35.0,0.95,30.0,350.0,2.878,12.631,28.631
327,0.95,10.0,35.0,0.95,10.0,350.0,2.441,11.709,25.533
323,0.95,10.0,35.0,0.5,30.0,350.0,1.783,3.231,37.258
551,0.95,10.0,35.0,0.95,10.0,490.0,2.411,11.353,27.053
399,0.25,10.0,490.0,2.0,10.0,350.0,0.0,0.0,21.25
679,0.5,10.0,700.0,2.0,10.0,490.0,0.108,0.94,18.617
557,0.95,10.0,35.0,0.95,30.0,490.0,2.84,12.093,30.605
415,0.5,10.0,490.0,2.0,10.0,350.0,0.733,5.315,21.066
319,0.95,10.0,35.0,0.5,10.0,350.0,1.32,2.778,33.757
482,0.95,10.0,700.0,0.95,30.0,350.0,1.686,3.901,37.621
379,0.95,10.0,350.0,0.5,10.0,350.0,0.437,0.431,40.748
608,0.95,20.0,350.0,0.95,10.0,490.0,0.787,5.41,19.881
416,0.5,20.0,490.0,2.0,10.0,350.0,0.275,2.974,15.341
422,0.5,20.0,490.0,2.0,30.0,350.0,0.328,3.628,15.267
824,0.95,20.0,350.0,0.95,30.0,700.0,0.959,5.626,24.667
130,0.5,20.0,350.0,2.0,30.0,35.0,0.837,8.423,12.27
818,0.95,20.0,350.0,0.95,10.0,700.0,0.667,4.741,20.521
124,0.5,20.0,350.0,2.0,10.0,35.0,0.705,7.348,10.833
74,0.95,20.0,35.0,0.5,10.0,35.0,0.924,2.76,13.133
436,0.95,20.0,490.0,0.95,10.0,350.0,0.642,4.026,19.64
531,0.5,20.0,35.0,2.0,30.0,490.0,0.923,9.526,16.048
900,0.95,20.0,700.0,0.95,10.0,700.0,0.01,0.032,24.894
524,0.5,20.0,35.0,2.0,10.0,490.0,0.814,8.454,15.576
20,0.25,20.0,35.0,2.0,10.0,35.0,0.106,0.671,12.598
25,0.25,20.0,35.0,2.0,30.0,35.0,0.13,0.852,13.205
889,0.5,20.0,700.0,2.0,30.0,700.0,0.0,0.0,23.75
552,0.95,20.0,35.0,0.95,10.0,490.0,1.546,10.479,19.783
884,0.5,20.0,700.0,2.0,10.0,700.0,0.0,0.0,32.0
483,0.95,20.0,700.0,0.95,30.0,350.0,0.64,2.189,28.026
42,0.5,20.0,35.0,0.95,10.0,35.0,0.376,1.795,12.107
558,0.95,20.0,35.0,0.95,30.0,490.0,1.768,11.148,21.398
47,0.5,20.0,35.0,0.95,30.0,35.0,0.472,2.12,13.695
592,0.5,20.0,350.0,2.0,30.0,490.0,0.422,4.724,15.487
478,0.95,20.0,700.0,0.95,10.0,350.0,0.244,1.07,22.481
59,0.5,20.0,35.0,2.0,30.0,35.0,1.292,12.971,12.376
867,0.95,20.0,490.0,0.95,30.0,700.0,0.666,3.623,25.577
466,0.5,20.0,700.0,2.0,30.0,350.0,0.07,0.78,15.199
862,0.95,20.0,490.0,0.95,10.0,700.0,0.388,2.767,20.455
460,0.5,20.0,700.0,2.0,10.0,350.0,0.028,0.3,15.577
79,0.95,20.0,35.0,0.5,30.0,35.0,1.188,3.106,16.073
442,0.95,20.0,490.0,0.95,30.0,350.0,1.026,5.11,24.42
850,0.5,20.0,490.0,2.0,30.0,700.0,0.074,0.829,15.352
84,0.95,20.0,35.0,0.95,10.0,35.0,1.859,12.031,13.822
844,0.5,20.0,490.0,2.0,10.0,700.0,0.033,0.36,15.58
586,0.5,20.0,350.0,2.0,10.0,490.0,0.349,3.822,15.515
91,0.95,20.0,35.0,0.95,30.0,35.0,2.076,13.006,14.94
52,0.5,20.0,35.0,2.0,10.0,35.0,1.215,12.126,11.658
614,0.95,20.0,350.0,0.95,30.0,490.0,1.118,6.294,24.176
703,0.95,20.0,700.0,0.95,30.0,490.0,0.476,1.627,30.364
208,0.95,20.0,490.0,0.95,10.0,35.0,1.024,5.6,12.241
190,0.5,20.0,490.0,2.0,30.0,35.0,0.626,6.242,12.184
768,0.95,20.0,35.0,0.95,10.0,700.0,1.416,9.694,20.741
364,0.5,20.0,350.0,2.0,10.0,350.0,0.455,4.925,14.881
656,0.95,20.0,490.0,0.95,10.0,490.0,0.526,3.434,20.518
662,0.95,20.0,490.0,0.95,30.0,490.0,0.863,4.512,24.789
214,0.95,20.0,490.0,0.95,30.0,35.0,1.306,6.217,15.975
747,0.5,20.0,35.0,2.0,30.0,700.0,0.718,7.661,16.491
334,0.95,20.0,35.0,0.95,30.0,350.0,1.842,11.556,20.581
740,0.5,20.0,35.0,2.0,10.0,700.0,0.653,6.946,16.139
328,0.95,20.0,35.0,0.95,10.0,350.0,1.627,10.967,18.815
234,0.5,20.0,700.0,2.0,10.0,35.0,0.278,2.822,9.177
680,0.5,20.0,700.0,2.0,10.0,490.0,0.0,0.0,17.833
240,0.5,20.0,700.0,2.0,30.0,35.0,0.367,3.583,11.764
686,0.5,20.0,700.0,2.0,30.0,490.0,0.017,0.196,15.203
252,0.95,20.0,700.0,0.95,10.0,35.0,0.689,2.845,11.861
257,0.95,20.0,700.0,0.95,30.0,35.0,1.03,3.698,16.588
307,0.5,20.0,35.0,2.0,30.0,350.0,1.031,10.675,15.105
272,0.25,20.0,35.0,2.0,10.0,350.0,0.011,0.083,15.592
698,0.95,20.0,700.0,0.95,10.0,490.0,0.126,0.604,23.318
300,0.5,20.0,35.0,2.0,10.0,350.0,0.964,9.954,14.773
277,0.25,20.0,35.0,2.0,30.0,350.0,0.014,0.108,15.216
370,0.5,20.0,350.0,2.0,30.0,350.0,0.508,5.56,15.077
774,0.95,20.0,35.0,0.95,30.0,700.0,1.636,10.428,22.401
905,0.95,20.0,700.0,0.95,30.0,700.0,0.248,0.831,33.305
636,0.5,20.0,490.0,2.0,10.0,490.0,0.193,2.135,15.577
804,0.5,20.0,350.0,2.0,30.0,700.0,0.29,3.289,15.92
394,0.95,20.0,350.0,0.95,30.0,350.0,1.221,6.877,22.809
148,0.95,20.0,350.0,0.95,10.0,35.0,1.25,7.515,12.884
154,0.95,20.0,350.0,0.95,30.0,35.0,1.498,8.322,15.266
798,0.5,20.0,350.0,2.0,10.0,700.0,0.234,2.631,15.63
184,0.5,20.0,490.0,2.0,10.0,35.0,0.533,5.458,10.323
642,0.5,20.0,490.0,2.0,30.0,490.0,0.253,2.838,15.815
388,0.95,20.0,350.0,0.95,10.0,350.0,0.881,5.89,19.213
395,0.95,30.0,350.0,0.95,30.0,350.0,0.65,5.472,16.261
235,0.5,30.0,700.0,2.0,10.0,35.0,0.058,0.647,8.592
185,0.5,30.0,490.0,2.0,10.0,35.0,0.303,3.44,8.954
559,0.95,30.0,35.0,0.95,30.0,490.0,1.17,10.013,16.282
741,0.5,30.0,35.0,2.0,10.0,700.0,0.458,5.076,15.724
53,0.5,30.0,35.0,2.0,10.0,35.0,0.976,10.566,10.797
155,0.95,30.0,350.0,0.95,30.0,35.0,0.925,6.987,12.579
417,0.5,30.0,490.0,2.0,10.0,350.0,0.059,0.635,15.572
329,0.95,30.0,35.0,0.95,10.0,350.0,1.12,9.917,14.93
553,0.95,30.0,35.0,0.95,10.0,490.0,1.063,9.487,15.439
819,0.95,30.0,350.0,0.95,10.0,700.0,0.353,3.434,15.558
241,0.5,30.0,700.0,2.0,30.0,35.0,0.093,1.067,10.738
149,0.95,30.0,350.0,0.95,10.0,35.0,0.727,6.019,9.758
687,0.5,30.0,700.0,2.0,30.0,490.0,0.0,0.0,14.75
308,0.5,30.0,35.0,2.0,30.0,350.0,0.732,8.311,14.173
125,0.5,30.0,350.0,2.0,10.0,35.0,0.477,5.365,9.813
609,0.95,30.0,350.0,0.95,10.0,490.0,0.453,4.375,15.045
301,0.5,30.0,35.0,2.0,10.0,350.0,0.689,7.546,14.425
799,0.5,30.0,350.0,2.0,10.0,700.0,0.022,0.238,15.576
525,0.5,30.0,35.0,2.0,10.0,490.0,0.602,6.621,15.058
532,0.5,30.0,35.0,2.0,30.0,490.0,0.632,7.219,14.802
131,0.5,30.0,350.0,2.0,30.0,35.0,0.524,6.064,11.393
681,0.5,30.0,700.0,2.0,10.0,490.0,0.0,0.0,12.75
60,0.5,30.0,35.0,2.0,30.0,35.0,1.005,11.183,11.377
335,0.95,30.0,35.0,0.95,30.0,350.0,1.236,10.528,15.621
825,0.95,30.0,350.0,0.95,30.0,700.0,0.474,4.328,16.82
775,0.95,30.0,35.0,0.95,30.0,700.0,1.094,9.299,17.182
437,0.95,30.0,490.0,0.95,10.0,350.0,0.303,2.888,14.88
92,0.95,30.0,35.0,0.95,30.0,35.0,1.52,11.685,13.017
593,0.5,30.0,350.0,2.0,30.0,490.0,0.247,2.921,15.1
587,0.5,30.0,350.0,2.0,10.0,490.0,0.2,2.269,15.456
371,0.5,30.0,350.0,2.0,30.0,350.0,0.315,3.693,14.633
643,0.5,30.0,490.0,2.0,30.0,490.0,0.047,0.534,15.19
845,0.5,30.0,490.0,2.0,10.0,700.0,0.0,0.0,24.5
85,0.95,30.0,35.0,0.95,10.0,35.0,1.315,11.026,11.31
769,0.95,30.0,35.0,0.95,10.0,700.0,0.939,8.36,16.238
191,0.5,30.0,490.0,2.0,30.0,35.0,0.376,4.34,11.358
851,0.5,30.0,490.0,2.0,30.0,700.0,0.0,0.0,19.5
365,0.5,30.0,350.0,2.0,10.0,350.0,0.271,3.059,14.733
637,0.5,30.0,490.0,2.0,10.0,490.0,0.002,0.021,15.622
423,0.5,30.0,490.0,2.0,30.0,350.0,0.162,1.893,15.189
467,0.5,30.0,700.0,2.0,30.0,350.0,0.0,0.0,14.0
748,0.5,30.0,35.0,2.0,30.0,700.0,0.51,5.87,15.495
663,0.95,30.0,490.0,0.95,30.0,490.0,0.355,3.105,16.825
443,0.95,30.0,490.0,0.95,30.0,350.0,0.437,3.556,16.891
215,0.95,30.0,490.0,0.95,30.0,35.0,0.715,5.075,12.341
461,0.5,30.0,700.0,2.0,10.0,350.0,0.0,0.0,12.0
805,0.5,30.0,350.0,2.0,30.0,700.0,0.135,1.614,15.19
389,0.95,30.0,350.0,0.95,10.0,350.0,0.517,4.901,14.636
209,0.95,30.0,490.0,0.95,10.0,35.0,0.544,4.356,9.132
615,0.95,30.0,350.0,0.95,30.0,490.0,0.588,5.09,16.6
657,0.95,30.0,490.0,0.95,10.0,490.0,0.254,2.452,15.477
309,0.5,40.0,35.0,2.0,30.0,350.0,0.566,6.584,14.16
302,0.5,40.0,35.0,2.0,10.0,350.0,0.513,5.733,14.453
61,0.5,40.0,35.0,2.0,30.0,35.0,0.831,9.632,10.96
749,0.5,40.0,35.0,2.0,30.0,700.0,0.349,4.14,15.245
54,0.5,40.0,35.0,2.0,10.0,35.0,0.737,8.345,10.382
742,0.5,40.0,35.0,2.0,10.0,700.0,0.321,3.656,15.576
93,0.95,40.0,35.0,0.95,30.0,35.0,1.145,10.71,11.293
533,0.5,40.0,35.0,2.0,30.0,490.0,0.463,5.421,14.982
86,0.95,40.0,35.0,0.95,10.0,35.0,1.081,10.194,10.291
526,0.5,40.0,35.0,2.0,10.0,490.0,0.417,4.682,15.252
